// images.h
// contains image buffers for simple space invaders
// Jonathan Valvano, March 5, 2018
// Capture image dimensions from BMP files

#ifndef __images_h
#define __images_h
#include <stdint.h>

const unsigned short Cow1N[] = {
 0xFFFF, 0xFFFF, 0xFFFF, 0xFFFF, 0xFFDF, 0xCE7A, 0xC639, 0xCE7A, 0xF79E, 0xFFFF, 0xFFFF, 0xFFFF, 0xFFFF, 0xFFFF, 0xFFFF, 0xFFFF,
 0xFFFF, 0xFFFF, 0xFFFF, 0xFFFF, 0xFFFF, 0xFFFF, 0xE73C, 0xCE79, 0x632E, 0x52AC, 0xC618, 0xFFDF, 0xFFFF, 0xFFFF, 0xFFFF, 0xFFFF,
 0xFFFF, 0xFFFF, 0xFFFF, 0xFFFF, 0xFFFF, 0xFFFF, 0xFFFF, 0xFFFF, 0xFFFF, 0xFFFF, 0xFFFF, 0xFFFF, 0xFFFF, 0xFFFF, 0xFFFF, 0xFFFF,
 0xFFFF, 0x8C93, 0x08A4, 0x31C9, 0x1905, 0xA514, 0xFFFF, 0xFFFF, 0xFFFF, 0xFFFF, 0xFFFF, 0xFFFF, 0xFFFF, 0xFFFF, 0xFFFF, 0xFFFF,
 0xFFFF, 0xFFFF, 0xFFFF, 0x8410, 0x0042, 0x21AA, 0x31EA, 0x4A6A, 0xDEFB, 0xFFFF, 0xFFFF, 0xFFFF, 0xFFFF, 0xFFFF, 0xFFFF, 0xFFFF,
 0xFFFF, 0xFFFF, 0xFFFF, 0xFFFF, 0xFFFF, 0xFFFF, 0xFFFF, 0xFFFF, 0xFFFF, 0xFFFF, 0xFFFF, 0xFFFF, 0xFFFF, 0xFFFF, 0x4AAD, 0x1129,
 0x3A8E, 0x530E, 0xDEFC, 0xFFFF, 0xFFFF, 0xFFFF, 0xFFFF, 0xFFFF, 0xFFFF, 0xFFFF, 0xFFFF, 0xFFFF, 0xFFFF, 0xFFFF, 0xFFFF, 0xFFFF,
 0x7C11, 0x112A, 0x2A4F, 0x00A7, 0x8C93, 0xFFFF, 0xFFFF, 0xFFFF, 0xFFFF, 0xFFFF, 0xFFFF, 0xFFFF, 0xFFFF, 0xFFFF, 0xFFFF, 0xFFFF,
 0xFFFF, 0xFFFF, 0xFFFF, 0xFFFF, 0xFFFF, 0xFFFF, 0xFFFF, 0xFFFF, 0xFFFF, 0xFFFF, 0xDEFC, 0x322C, 0x3290, 0x2A6F, 0x3A8D, 0x94D3,
 0xCE79, 0xFFFF, 0xFFFF, 0xFFFF, 0xFFFF, 0xFFFF, 0xFFFF, 0xFFFF, 0xFFFF, 0xFFFF, 0xFFFF, 0xFFFF, 0xFFFF, 0x73F2, 0x19CE, 0x2AD3,
 0x118C, 0x3A4B, 0xBDF7, 0xFFFF, 0xFFFF, 0xFFFF, 0xFFFF, 0xFFFF, 0xFFFF, 0xFFFF, 0xFFFF, 0xFFFF, 0xFFFF, 0xFFFF, 0xFFFF, 0xFFFF,
 0xFFFF, 0xFFFF, 0xFFFF, 0xFFFF, 0xFFFF, 0xFFFF, 0xFFFF, 0xA577, 0x118B, 0x32F3, 0x19EE, 0x1128, 0x10C3, 0xAD75, 0xFFFF, 0xFFFF,
 0xFFFF, 0xFFFF, 0xFFFF, 0xFFFF, 0xFFFF, 0xFFFF, 0xFFFF, 0xFFFF, 0xFFFF, 0xEF9E, 0x4B10, 0x1A30, 0x1AB5, 0x1A51, 0x08E7, 0x2967,
 0xCE9A, 0xFFFF, 0xFFFF, 0xFFFF, 0xFFFF, 0xFFFF, 0xFFFF, 0xFFFF, 0xFFFF, 0xFFFF, 0xFFFF, 0xFFFF, 0xFFFF, 0xFFFF, 0xFFFF, 0xFFFF,
 0xFFFF, 0xFFFF, 0xFFFF, 0xFFFF, 0x9D97, 0x11EE, 0x2B15, 0x014C, 0x08C6, 0x7C72, 0xFFFF, 0xFFFF, 0xFFFF, 0xFFFF, 0xFFFF, 0xFFFF,
 0xFFFF, 0xFFFF, 0xFFFF, 0xFFFF, 0xFFFF, 0xFFFF, 0xCE7A, 0x19AB, 0x1AB3, 0x12B5, 0x1210, 0x08A7, 0x5AED, 0xEF7E, 0xFFFF, 0xFFFF,
 0xFFFF, 0xFFFF, 0xFFFF, 0xFFFF, 0xFFFF, 0xFFFF, 0xFFFF, 0xFFFF, 0xFFFF, 0xFFFF, 0xFFFF, 0xFFFF, 0xFFFF, 0xFFFF, 0xFFFF, 0xFFFF,
 0xFFFF, 0x84B4, 0x19EF, 0x2B36, 0x120F, 0x0908, 0xA577, 0xFFFF, 0xFFFF, 0xFFFF, 0xFFFF, 0xFFFF, 0xFFFF, 0xFFFF, 0xFFFF, 0xFFFF,
 0xFFFF, 0xFFFF, 0xFFFF, 0xCE7B, 0x118C, 0x1A94, 0x12B5, 0x09EF, 0x08C7, 0x5B0E, 0xFFFF, 0xFFFF, 0xFFFF, 0xFFFF, 0xFFFF, 0xFFFF,
 0xFFFF, 0xFFFF, 0xFFFF, 0xFFFF, 0xFFFF, 0xFFFF, 0xFFFF, 0xFFFF, 0xFFFF, 0xFFFF, 0xFFFF, 0xFFFF, 0xA576, 0xC69A, 0x42AD, 0x2251,
 0x1B16, 0x22F4, 0x114A, 0x9D57, 0xFFFF, 0xFFFF, 0xFFFF, 0xFFFF, 0xE77E, 0xCEBB, 0xD6DB, 0xCEDB, 0xCE9A, 0xCE9A, 0xF7BF, 0xFFFF,
 0x84B5, 0x1A0F, 0x12D6, 0x0AB6, 0x0A31, 0x0928, 0x5B0E, 0xFFFF, 0xFFFF, 0xFFFF, 0xFFFF, 0xFFFF, 0xFFFF, 0xFFFF, 0xFFFF, 0xFFFF,
 0xFFFF, 0xFFFF, 0xFFFF, 0xFFFF, 0xFFFF, 0xFFFF, 0xFFFF, 0xFFFF, 0xDEFC, 0x320B, 0x42AD, 0x42CF, 0x1A92, 0x12F7, 0x0A94, 0x00A9,
 0x9516, 0xE77E, 0x8C93, 0x8494, 0x84D5, 0x4B30, 0x21CB, 0x220C, 0x21EC, 0x19AB, 0x1969, 0x6BD2, 0x426C, 0x08E8, 0x1AB2, 0x02D6,
 0x0AF7, 0x1AD4, 0x010A, 0x428D, 0xEF9E, 0xFFFF, 0xFFFF, 0xFFFF, 0xFFFF, 0xFFFF, 0xFFFF, 0xFFFF, 0xFFFF, 0xFFFF, 0xFFFF, 0xFFFF,
 0xFFFF, 0xFFFF, 0xFFFF, 0xFFFF, 0xFFFF, 0xCEDC, 0x326E, 0x2A4E, 0x53D4, 0x1AB3, 0x0AF7, 0x0A96, 0x1231, 0x3AF0, 0x5351, 0x00C8,
 0x096C, 0x016C, 0x09CF, 0x0A10, 0x0A10, 0x09F0, 0x09CF, 0x098D, 0x012B, 0x00E9, 0x012B, 0x1AD4, 0x02D6, 0x02D7, 0x1B16, 0x1230,
 0x11AB, 0x322C, 0xC65A, 0xFFFF, 0xFFFF, 0xFFFF, 0xFFFF, 0xFFFF, 0xFFFF, 0xFFFF, 0xFFFF, 0xFFFF, 0xFFFF, 0xFFFF, 0xFFFF, 0xFFFF,
 0xFFFF, 0xFFFF, 0xCEFC, 0x2A2E, 0x2A4F, 0x19EE, 0x1AB3, 0x0AF7, 0x02B7, 0x1AD5, 0x098D, 0x00CB, 0x1211, 0x0A32, 0x0233, 0x0275,
 0x0296, 0x0295, 0x0A95, 0x0A74, 0x0A52, 0x01D0, 0x09CF, 0x09D0, 0x12B5, 0x0AB6, 0x02D7, 0x1317, 0x0A52, 0x120F, 0x19AC, 0x3A6C,
 0xE71C, 0xFFFF, 0xFFFF, 0xFFFF, 0xFFFF, 0xFFFF, 0xFFFF, 0xFFFF, 0xFFFF, 0xFFFF, 0xFFFF, 0xFFFF, 0xFFFF, 0xFFFF, 0xFFFF, 0xF7BF,
 0x63F4, 0x220D, 0x00A9, 0x1A93, 0x0B17, 0x02B6, 0x12B6, 0x0A33, 0x01F1, 0x1294, 0x12D6, 0x0AB7, 0x0AF8, 0x0AF8, 0x0296, 0x0A94,
 0x0A73, 0x1272, 0x0A31, 0x1273, 0x1295, 0x0A96, 0x02B7, 0x02D7, 0x1317, 0x0A95, 0x0232, 0x2291, 0x3A8E, 0x7BD0, 0xEF5C, 0xFFFF,
 0xFFFF, 0xFFFF, 0xFFFF, 0xFFFF, 0xFFFF, 0xFFFF, 0xFFFF, 0xFFFF, 0xFFFF, 0xFFFF, 0xFFFF, 0xFFFF, 0xFFFF, 0xB61B, 0x326E, 0x19CD,
 0x1AB4, 0x0AF7, 0x02F7, 0x0AB7, 0x0276, 0x0296, 0x02D7, 0x02F8, 0x02F8, 0x02D7, 0x1B16, 0x547A, 0x6CB9, 0x74B8, 0x74B9, 0x6479,
 0x22F5, 0x0275, 0x0297, 0x02B7, 0x02D7, 0x0AF8, 0x0AF8, 0x0213, 0x1210, 0x9DBB, 0xC63A, 0x8C71, 0xCE79, 0xFFFF, 0xFFFF, 0xFFFF,
 0xFFFF, 0xFFFF, 0xFFFF, 0xFFFF, 0xFFFF, 0xFFFF, 0xFFFF, 0xFFFF, 0xFFFF, 0xFFFF, 0xE73D, 0x322C, 0x098C, 0x12B4, 0x0AD7, 0x02F7,
 0x02D7, 0x0295, 0x0255, 0x02D7, 0x02D9, 0x02F8, 0x12D6, 0x6CB9, 0xD77F, 0xDF3E, 0xDF1E, 0xD73F, 0xCF1F, 0x6CB8, 0x0A73, 0x0296,
 0x02B7, 0x02D8, 0x02F8, 0x0AF8, 0x0A73, 0x32F3, 0xC6DE, 0xEFBF, 0xD6DB, 0x6B8F, 0x73B0, 0xF7BF, 0xFFFF, 0xA515, 0x7C10, 0x8452,
 0xE75E, 0xFFFF, 0xFFFF, 0xFFFF, 0xFFFF, 0xFFFF, 0xFFFF, 0xEF7E, 0x31EA, 0x09CE, 0x12D5, 0x02D7, 0x02D7, 0x02B5, 0x12D4, 0x2335,
 0x12D5, 0x02D7, 0x02B7, 0x2B77, 0xB6DF, 0xDF5E, 0xE71C, 0xDF1C, 0xDF1C, 0xDF3D, 0xBEBE, 0x2B55, 0x0275, 0x02D8, 0x02F8, 0x0AF7,
 0x1AF5, 0x2B14, 0x8539, 0xE79F, 0xE77F, 0xCEDE, 0x4B0F, 0x08A6, 0x6370, 0x7C12, 0x08C6, 0x2189, 0x52CE, 0x5B2F, 0xDEFC, 0xFFFF,
 0xFFFF, 0xFFDF, 0xFFFF, 0xFFFF, 0xE75D, 0x29CB, 0x1230, 0x0AD6, 0x02D8, 0x0AD6, 0x1AD4, 0x751A, 0xAE9F, 0x5457, 0x1316, 0x02B6,
 0x2336, 0xA65D, 0xDF5E, 0xE73C, 0xE73C, 0xDF1C, 0xE71C, 0xD73F, 0x5478, 0x0295, 0x02D8, 0x02D6, 0x2B97, 0x8DDC, 0xAE7D, 0xCEFE,
 0xE75F, 0xD6FF, 0x5BF5, 0x1A0E, 0x19CC, 0x00A7, 0x00A8, 0x1A0E, 0x4B94, 0x84F9, 0x6393, 0x73B2, 0xDEFC, 0xFFFF, 0xFFDF, 0xFFFF,
 0xFFFF, 0xDF3D, 0x21CB, 0x0A11, 0x0AD7, 0x02D7, 0x2B76, 0x95DD, 0xD71F, 0xD73F, 0xC75F, 0x3C18, 0x02B5, 0x0A94, 0x5C56, 0xD73E,
 0xE73D, 0xE73D, 0xE73D, 0xEF3D, 0xDF7F, 0x64D9, 0x0295, 0x02B8, 0x0296, 0x651B, 0xDF9F, 0xEF9F, 0xEF7F, 0xDF5F, 0x5C15, 0x120F,
 0x09AD, 0x096B, 0x120E, 0x1231, 0x1AB4, 0x3BB7, 0x8DBE, 0xBE9F, 0x73D3, 0xB576, 0xFFFF, 0xFFFF, 0xFFFF, 0xFFFF, 0xF7DF, 0x6BD2,
 0x1210, 0x12F7, 0x0AD5, 0x757C, 0xD75F, 0xDF3E, 0xDF7F, 0xA67E, 0x2B76, 0x0AB6, 0x0273, 0x5416, 0xD71E, 0xE73C, 0xE75C, 0xE73D,
 0xEF7E, 0xC6DE, 0x3BF7, 0x02B6, 0x02D8, 0x02B6, 0x5479, 0xCF3F, 0xDF5F, 0xC6DF, 0x6C77, 0x2270, 0x11CE, 0x010B, 0x11EF, 0x1A92,
 0x12B4, 0x12B5, 0x12B5, 0x3355, 0x5394, 0x8434, 0xE71D, 0xFFFF, 0xFFFF, 0xFFFF, 0xFFFF, 0xFFFF, 0x94D5, 0x11CF, 0x1317, 0x0AF6,
 0x6D3B, 0xB6DF, 0xB69E, 0x857B, 0x3B96, 0x0AD5, 0x02B7, 0x0254, 0x4C17, 0xD73F, 0xE73D, 0xEF5C, 0xE75E, 0xCF1F, 0x6499, 0x12F6,
 0x02D7, 0x02D8, 0x02F7, 0x1B16, 0x43F7, 0x5458, 0x43B7, 0x1A51, 0x1A0F, 0x090B, 0x010B, 0x1A92, 0x1292, 0x09F0, 0x0A12, 0x1B16,
 0x1A92, 0x326E, 0xD6BB, 0xFFFF, 0xFFFF, 0xFFFF, 0xFFFF, 0xFFFF, 0xFFFF, 0x8C94, 0x014B, 0x2336, 0x12F6, 0x1315, 0x3397, 0x2315,
 0x0A95, 0x0AB6, 0x02D7, 0x0297, 0x0275, 0x22F4, 0x959B, 0xDF1E, 0xEF5D, 0xDF3E, 0x6C76, 0x1AF4, 0x02B7, 0x02F8, 0x02F7, 0x02D7,
 0x0AD7, 0x0295, 0x0255, 0x0A75, 0x1232, 0x092C, 0x198C, 0x11EF, 0x1272, 0x1A72, 0x3B54, 0x1232, 0x2B56, 0x1A4F, 0xAE3B, 0xFFFF,
 0xFFFF, 0xFFFF, 0xFFFF, 0xFFFF, 0xFFFF, 0xFFFF, 0xBE5A, 0x326D, 0x09CE, 0x1AF5, 0x1B16, 0x0AB5, 0x0AB5, 0x0AF7, 0x1317, 0x0AB6,
 0x0295, 0x0AB5, 0x1252, 0x32D0, 0xBE5B, 0xEF9F, 0xE75E, 0x9DDA, 0x751A, 0x5439, 0x12D5, 0x0AD5, 0x0AB6, 0x0A96, 0x12B5, 0x12B5,
 0x1AB4, 0x2292, 0x19CD, 0x220D, 0x19ED, 0x1A51, 0x22B3, 0x1231, 0x2B56, 0x2291, 0x42AE, 0xF7FF, 0xFFFF, 0xFFFF, 0xFFFF, 0xFFFF,
 0xFFFF, 0xFFFF, 0xFFFF, 0xFFFF, 0xBE5A, 0x534F, 0x220E, 0x012D, 0x01B0, 0x1A93, 0x22F5, 0x1272, 0x2292, 0x22B2, 0x09EF, 0x09AD,
 0x2A2D, 0xB5D9, 0xE73D, 0xE71C, 0xDF5D, 0xDF5E, 0xC6DE, 0x855A, 0x2B33, 0x1A93, 0x09CF, 0x014C, 0x096B, 0x11AC, 0x11AB, 0x324D,
 0x428D, 0x4AAF, 0x5394, 0x3BB7, 0x2357, 0x3397, 0x19ED, 0xB5D9, 0xFFFF, 0xFFFF, 0xF7FF, 0xFFFF, 0xFFFF, 0xFFFF, 0xFFFF, 0xFFFF,
 0xFFFF, 0xFFFF, 0xFFFF, 0xBDF9, 0x8413, 0x7C15, 0x3A4E, 0x08E9, 0x0087, 0x00C8, 0x3A8E, 0x3A8D, 0x3A4C, 0x4AAC, 0x73D0, 0x7C11,
 0x8C30, 0x8C30, 0x8451, 0x8C93, 0x73F1, 0x19A9, 0x00C7, 0x00A7, 0x08E7, 0x530E, 0x320A, 0x4ACD, 0xBE3A, 0xE75E, 0xE79F, 0x7CD7,
 0x2AD3, 0x3397, 0x2AD1, 0x3AAE, 0xADD7, 0xFFFF, 0xFFFF, 0xFFFF, 0xFFFF, 0xFFFF, 0xFFFF, 0xFFFF, 0xFFFF, 0xFFFF, 0xFFFF, 0xFFFF,
 0xFFFF, 0xFFFF, 0xFFFF, 0xCEBC, 0x94D5, 0x8CB4, 0x94D4, 0xD6DC, 0xE77E, 0xE75D, 0xEF5D, 0xE71C, 0xE73C, 0xE73C, 0xE73C, 0xE73C,
 0xE75D, 0xC639, 0x8452, 0x7C31, 0x8C94, 0xBE5A, 0xCE9B, 0x73D0, 0xD6DC, 0xC67A, 0x8431, 0x73F0, 0x324C, 0x2A6F, 0x2AB1, 0x42F0,
 0xB61A, 0x94B3, 0xAD34, 0xFFDF, 0xFFFF, 0xFFFF, 0xFFFF, 0xFFFF, 0xFFFF, 0xFFFF, 0xFFFF, 0xFFFF, 0xFFFF, 0xFFFF, 0xFFFF, 0xFFFF,
 0xFFFF, 0xFFFF, 0xFFFF, 0xFFFF, 0xFFFF, 0xFFFF, 0xFFFF, 0xFFFF, 0xFFFF, 0xFFFF, 0xFFFF, 0xFFFF, 0xFFFF, 0xFFFF, 0xFFFF, 0xFFFF,
 0xFFFF, 0xFFFF, 0xFFFF, 0x9492, 0xA535, 0xAD97, 0x8430, 0xBDD7, 0xB5B7, 0xAD97, 0x63B2, 0x5B92, 0x8474, 0xA535, 0xEF5D, 0xA4D2,
 0xB575, 0xFFFF, 0xFFFF, 0xFFFF, 0xFFFF, 0xFFFF, 0xFFFF, 0xFFFF, 0xFFFF, 0xFFFF, 0xFFFF, 0xFFFF, 0xFFFF, 0xFFFF, 0xFFFF, 0xFFFF,
 0xFFFF, 0xFFFF, 0xFFFF, 0xFFFF, 0xFFFF, 0xFFFF, 0xFFFF, 0xFFFF, 0xFFFF, 0xFFFF, 0xFFFF, 0xFFFF, 0xFFFF, 0xFFFF, 0xFFFF, 0xB5B6,
 0x8410, 0xB596, 0x94B3, 0xE71C, 0xFFFF, 0xFFFF, 0xFFFF, 0xEF9E, 0xEFBF, 0xF7BE, 0xAD55, 0xAD35, 0xCE59, 0x7BEF, 0xFFFF, 0xFFFF,
 0xFFFF, 0xFFFF, 0xFFFF, 0xFFFF, 0xFFFF, 0xFFFF, 0xFFFF, 0xFFFF, 0xFFFF, 0xFFFF, 0xFFFF, 0xFFFF, 0xFFFF, 0xFFFF, 0xFFFF, 0xFFFF,
 0xFFFF, 0xFFFF, 0xFFFF, 0xFFFF, 0xFFFF, 0xFFFF, 0xFFFF, 0xFFFF, 0xFFFF, 0xFFFF, 0xF7BF, 0xA514, 0x6B8E, 0x94B2, 0x9CF3, 0xE73D,
 0xFFFF, 0xFFFF, 0xFFFF, 0xFFFF, 0xFFFF, 0xFFFF, 0xFFFF, 0xFFFF, 0x9CD3, 0x8C51, 0x8430, 0xDF1B, 0xFFFF, 0xFFFF, 0xFFFF, 0xFFFF,
 0xFFFF, 0xFFFF, 0xFFFF, 0xFFFF, 0xFFFF, 0xFFFF, 0xFFFF, 0xFFFF, 0xFFFF, 0xFFFF, 0xFFFF, 0xFFFF, 0xFFFF, 0xFFFF, 0xFFFF, 0xFFFF,
 0xFFFF, 0xFFFF, 0xFFFF, 0xFFFF, 0xFFFF, 0xFFFF, 0xFFFF, 0xF7BE, 0x8C72, 0x7BF0, 0xA535, 0xF7BE, 0xFFFF, 0xFFFF, 0xFFFF, 0xFFFF,
 0xFFFF, 0xFFFF, 0xFFFF, 0xFFFF, 0xFFFF, 0xD6DB, 0x7BF0, 0x8C71, 0x8450, 0xFFFF, 0xFFFF, 0xFFFF, 0xFFFF, 0xFFFF, 0xFFFF, 0xFFFF,
 0xFFFF, 0xFFFF, 0xFFFF, 0xFFFF, 0xFFFF, 0xFFFF, 0xFFFF, 0xFFFF, 0xFFFF, 0xFFFF, 0xFFFF, 0xFFFF, 0xFFFF, 0xFFFF, 0xFFFF, 0xFFFF,
 0xFFFF, 0xFFFF, 0xFFFF, 0xFFFF, 0xFFFF, 0xFFDE, 0xEF9E, 0xFFFF, 0xFFFF, 0xFFDF, 0xFFFF, 0xFFFF, 0xFFFF, 0xFFFF, 0xFFFF, 0xFFFF,
 0xFFFF, 0xFFFF, 0xFFFF, 0xE77D, 0x8430, 0xBDD7, 0xFFFF, 0xFFFF, 0xFFFF,
};


const unsigned short Cow1S[] = {
 0xFFFF, 0xFFFF, 0xFFFF, 0xFFFF, 0xFFDF, 0xD6BA, 0xCE79, 0xCE7A, 0xEF7E, 0xFFFF, 0xFFFF, 0xFFFF, 0xFFFF, 0xFFFF, 0xFFFF, 0xFFFF,
 0xFFFF, 0xFFFF, 0xFFFF, 0xFFFF, 0xFFFF, 0xFFFF, 0xEF5D, 0xCE79, 0x636E, 0x5B0D, 0xCE5A, 0xFFDF, 0xFFFF, 0xFFFF, 0xFFFF, 0xFFFF,
 0xFFFF, 0xFFFF, 0xFFFF, 0xFFFF, 0xFFFF, 0xFFFF, 0xFFFF, 0xFFFF, 0xFFFF, 0xFFFF, 0xFFFF, 0xFFFF, 0xFFFF, 0xFFFF, 0xFFFF, 0xFFFF,
 0xFFFF, 0x8411, 0x18C4, 0x29A8, 0x2126, 0xBDD8, 0xFFFF, 0xFFFF, 0xFFFF, 0xFFFF, 0xFFFF, 0xFFFF, 0xFFFF, 0xFFFF, 0xFFFF, 0xFFFF,
 0xFFFF, 0xFFFF, 0xFFFF, 0x7BD0, 0x0063, 0x1989, 0x2A0A, 0x52ED, 0xEF5D, 0xFFFF, 0xFFFF, 0xFFFF, 0xFFFF, 0xFFFF, 0xFFFF, 0xFFFF,
 0xFFFF, 0xFFFF, 0xFFFF, 0xFFFF, 0xFFFF, 0xFFFF, 0xFFFF, 0xFFFF, 0xFFFF, 0xFFFF, 0xFFFF, 0xFFFF, 0xFFFF, 0xFFFF, 0x4A8C, 0x1969,
 0x3AAF, 0x320B, 0xEF7F, 0xFFFF, 0xFFFF, 0xFFFF, 0xFFFF, 0xFFFF, 0xFFFF, 0xFFFF, 0xFFFF, 0xFFFF, 0xFFFF, 0xFFFF, 0xFFFF, 0xFFFF,
 0x73F1, 0x1149, 0x222E, 0x0109, 0x9537, 0xFFFF, 0xFFFF, 0xFFFF, 0xFFFF, 0xFFFF, 0xFFFF, 0xFFFF, 0xD6BC, 0x73B0, 0x94D4, 0xE75D,
 0xE75D, 0xFFFF, 0xFFFF, 0xFFFF, 0xFFFF, 0xFFFF, 0xFFFF, 0xFFFF, 0xFFFF, 0xFFFF, 0xBE19, 0x1949, 0x3AD1, 0x32D2, 0x21AA, 0x8432,
 0xD69B, 0xFFFF, 0xFFFF, 0xFFFF, 0xFFFF, 0xFFFF, 0xFFFF, 0xFFFF, 0xFFFF, 0xFFFF, 0xFFFF, 0xFFFF, 0xFFFF, 0x6371, 0x19AD, 0x2AD4,
 0x19EE, 0x42AE, 0xB5B7, 0xFFDF, 0xFFFF, 0xFFFF, 0xFFFF, 0xFFFF, 0x8452, 0x2189, 0x3A2C, 0x5B2F, 0x3A4B, 0x5B4E, 0xE75D, 0xFFFF,
 0xFFFF, 0xFFFF, 0xFFFF, 0xFFFF, 0xFFFF, 0xFFFF, 0xFFFF, 0x94D4, 0x08E9, 0x32B3, 0x094C, 0x1129, 0x2106, 0xBDD7, 0xFFFF, 0xFFFF,
 0xFFFF, 0xFFFF, 0xFFFF, 0xFFFF, 0xFFFF, 0xFFFF, 0xFFFF, 0xFFFF, 0xFFFF, 0xD6DC, 0x320C, 0x1211, 0x12D5, 0x1A72, 0x0929, 0x2968,
 0xD69A, 0xFFFF, 0xFFFF, 0xFFFF, 0xEF7E, 0x2188, 0x118C, 0x5C16, 0x95BC, 0x957A, 0x7412, 0x8472, 0xFFFF, 0xFFFF, 0xFFFF, 0xFFFF,
 0xFFFF, 0xFFFF, 0xFFFF, 0xFFFF, 0x9516, 0x11AD, 0x2AB4, 0x096C, 0x08E7, 0x73B0, 0xFFFF, 0xFFFF, 0xFFFF, 0xFFFF, 0xFFFF, 0xFFFF,
 0xFFFF, 0xFFFF, 0xFFFF, 0xFFFF, 0xFFFF, 0xFFFF, 0xBDF9, 0x112A, 0x1A94, 0x12D6, 0x1293, 0x094A, 0x634F, 0xF7BE, 0xFFFF, 0xFFFF,
 0xFFFF, 0x73F1, 0x116B, 0x1210, 0x2B35, 0x43B7, 0x6CDA, 0x4B31, 0x9516, 0xFFFF, 0xFFFF, 0xFFFF, 0xFFFF, 0xFFFF, 0xFFFF, 0xFFFF,
 0xFFFF, 0x6391, 0x018D, 0x22F5, 0x1250, 0x0929, 0x9D57, 0xFFFF, 0xFFFF, 0xFFFF, 0xFFFF, 0xFFFF, 0xFFFF, 0xFFFF, 0xFFFF, 0xFFFF,
 0xFFFF, 0xFFFF, 0xFFFF, 0xB5F9, 0x092C, 0x1AB6, 0x12F7, 0x0A31, 0x0129, 0x63B0, 0xFFFF, 0xFFFF, 0xE73D, 0x6BB1, 0x116A, 0x1A0F,
 0x09D1, 0x1253, 0x1294, 0x1AB4, 0x224F, 0xC67B, 0xFFFF, 0xFFFF, 0xFFFF, 0xFFFF, 0xFFFF, 0xFFBF, 0xA535, 0xCE7B, 0x320B, 0x0A30,
 0x1316, 0x22F4, 0x114B, 0xBE1A, 0xFFFF, 0xFFFF, 0xFFFF, 0xFFFF, 0xE75D, 0xCE9B, 0xD69B, 0xD69B, 0xD69B, 0xD6DB, 0xF7FF, 0xF7FF,
 0x7412, 0x1A10, 0x12D7, 0x0AF7, 0x1272, 0x016A, 0x5BB1, 0xFFFF, 0xBE5A, 0x3A4C, 0x112A, 0x1A0F, 0x1211, 0x09D0, 0x012D, 0x1273,
 0x1AD5, 0x1A2F, 0xBE5A, 0xFFFF, 0xFFFF, 0xFFFF, 0xFFFF, 0xFFFF, 0xC67A, 0x2147, 0x5B0F, 0x198A, 0x1291, 0x0B16, 0x12D5, 0x092B,
 0x9D57, 0xD6FC, 0x8452, 0x8494, 0x84B5, 0x42CF, 0x19AB, 0x198B, 0x198A, 0x1969, 0x2169, 0x6BF3, 0x530F, 0x0909, 0x22B4, 0x02B7,
 0x0AD8, 0x1AD5, 0x018C, 0x2A4D, 0x5350, 0x196A, 0x19ED, 0x118D, 0x11CF, 0x1231, 0x2AB1, 0x4354, 0x1232, 0x22B5, 0x224F, 0xC69B,
 0xFFFF, 0xFFFF, 0xFFFF, 0xFFFF, 0xFFFF, 0xBE5A, 0x29EB, 0x29AB, 0x4B10, 0x1AB2, 0x0AF7, 0x0AD7, 0x1210, 0x324D, 0x4AEF, 0x08E9,
 0x098D, 0x016D, 0x09CF, 0x0A11, 0x0A10, 0x0A0F, 0x09CE, 0x018E, 0x010C, 0x00CA, 0x012B, 0x1AD4, 0x02B6, 0x02D7, 0x1AF6, 0x09AF,
 0x016C, 0x120D, 0x222E, 0x2270, 0x098D, 0x11CE, 0x122F, 0x224F, 0x2A91, 0x1A74, 0x1A95, 0x21CE, 0xD6DC, 0xFFFF, 0xFFFF, 0xFFFF,
 0xFFFF, 0xFFFF, 0xBE5A, 0x21CB, 0x326E, 0x326F, 0x22B3, 0x12F7, 0x02B7, 0x1AB5, 0x014D, 0x012C, 0x0A11, 0x0233, 0x0234, 0x0275,
 0x0AB6, 0x0AD6, 0x0AB4, 0x0273, 0x0A33, 0x09F2, 0x01B0, 0x09D0, 0x0AD5, 0x02D7, 0x02D7, 0x12F7, 0x09D1, 0x09CF, 0x3312, 0x6C77,
 0x224F, 0x11AC, 0x328F, 0x5BD4, 0x5393, 0x2271, 0x1AB5, 0x1AD5, 0x21EE, 0xCE9B, 0xFFFF, 0xFFFF, 0xFFFF, 0xFFFF, 0xFFFF, 0xEF7E,
 0x5351, 0x19CC, 0x090A, 0x22D4, 0x0AF8, 0x02B7, 0x0A95, 0x0A32, 0x01F1, 0x0A94, 0x02B6, 0x02D7, 0x0AF8, 0x0AF8, 0x0A95, 0x0274,
 0x0A73, 0x1273, 0x0A33, 0x0A54, 0x0A95, 0x02B6, 0x02B7, 0x02B8, 0x12F8, 0x0A54, 0x0A11, 0x4354, 0xAE1C, 0x324C, 0x4B0F, 0xB63B,
 0xDF5F, 0xCF3F, 0x6498, 0x1AB3, 0x22B3, 0x220C, 0x7BF0, 0xBDB6, 0xFFFF, 0xFFFF, 0xFFFF, 0xFFFF, 0xFFFF, 0x9516, 0x19EC, 0x1A30,
 0x1AD6, 0x02B8, 0x02B6, 0x0296, 0x0274, 0x0274, 0x0AD7, 0x02F8, 0x02F8, 0x0AF6, 0x2356, 0x5499, 0x64B9, 0x6CB8, 0x6CB8, 0x5438,
 0x1AD5, 0x0295, 0x02B6, 0x02B7, 0x02B7, 0x02D7, 0x12F7, 0x09F1, 0x3AF1, 0xAE1A, 0x426A, 0xC65A, 0xEFBF, 0x94D6, 0x6391, 0x4B72,
 0x2AB2, 0x118D, 0x7C34, 0xDEFC, 0x9CF3, 0x9D13, 0xF79E, 0xFFFF, 0xFFFF, 0xFFFF, 0xC65A, 0x3AAF, 0x1A51, 0x12F7, 0x0297, 0x0297,
 0x0296, 0x0296, 0x02B6, 0x0AF7, 0x02F8, 0x02F7, 0x12F5, 0x751A, 0xD79F, 0xD73F, 0xD73E, 0xD75E, 0xCF1F, 0x5C58, 0x0AD5, 0x02B7,
 0x02B7, 0x02B7, 0x02B7, 0x12F7, 0x018F, 0x5393, 0xADF8, 0x8CB2, 0x94F4, 0x326C, 0x2A2D, 0x196A, 0x1969, 0x3A4D, 0x530F, 0x8C93,
 0x9D14, 0xEF7D, 0x94F3, 0x94D3, 0xFFFF, 0xFFFF, 0xFFFF, 0xDEFC, 0x29CC, 0x1A52, 0x12F7, 0x02B7, 0x0AB6, 0x0AB5, 0x1AF5, 0x2B55,
 0x1B16, 0x0AF7, 0x02B7, 0x33B7, 0xBF1F, 0xDF5D, 0xE73C, 0xDF1C, 0xE73C, 0xE75E, 0xB6BE, 0x2B76, 0x02B6, 0x02B7, 0x02B6, 0x0AB5,
 0x1293, 0x53B5, 0xCEDE, 0x9D14, 0xAD96, 0x532F, 0x21ED, 0x2A2F, 0x4AF0, 0xB5D9, 0xD6DC, 0xF7DF, 0xF79E, 0xA555, 0x8C71, 0xD6BA,
 0x738E, 0xE73C, 0xFFFF, 0xFFFF, 0xD6FC, 0x218C, 0x22B4, 0x0AF7, 0x02B6, 0x0A94, 0x2B13, 0x9E1D, 0xB6DE, 0x64B9, 0x12F6, 0x02D7,
 0x2336, 0xAE5D, 0xE75D, 0xEF3C, 0xE73D, 0xEF5C, 0xEF7D, 0xD75F, 0x5458, 0x02B5, 0x02B7, 0x0296, 0x12D4, 0x753A, 0xBE9D, 0xB577,
 0x83F2, 0x8455, 0x2A0E, 0x220F, 0x196C, 0xADD9, 0xFFFF, 0xFFFF, 0xFFFF, 0xFFFF, 0xFFFF, 0xB596, 0xAD75, 0x94B3, 0xBDB7, 0xFFFF,
 0xFFFF, 0xD71D, 0x218C, 0x1273, 0x02D7, 0x0295, 0x3B75, 0xA61C, 0xE79F, 0xE7BF, 0xBF3F, 0x3C19, 0x02B6, 0x0A94, 0x6C98, 0xE75E,
 0xE71C, 0xE73C, 0xEF5C, 0xEF7D, 0xDF5F, 0x4C17, 0x02B6, 0x02B7, 0x0275, 0x2B95, 0xC77F, 0xB619, 0x4A6B, 0x7C56, 0x2230, 0x2AB3,
 0x11AC, 0x4AEF, 0xF7FF, 0xFFFF, 0xFFFF, 0xFFFF, 0xFFFF, 0xFFFF, 0xFFDF, 0xB596, 0xA4F4, 0x7BCF, 0xC638, 0xFFFF, 0xEF9E, 0x5330,
 0x0A72, 0x02D7, 0x0294, 0x8DBC, 0xE7DF, 0xE77E, 0xDF9F, 0xA65D, 0x2356, 0x02B6, 0x0274, 0x5C58, 0xDF3F, 0xDF1C, 0xE73C, 0xEF5D,
 0xEF9F, 0xB69E, 0x2B56, 0x02B7, 0x02D7, 0x02B5, 0x12D3, 0x74F9, 0xB69E, 0x7497, 0x11EF, 0x2315, 0x1250, 0x4350, 0xDF5D, 0xFFFF,
 0xFFFF, 0xFFFF, 0xFFFF, 0xFFFF, 0xFFFF, 0xFFFF, 0xFFDF, 0xBDD7, 0x8C51, 0xDEFB, 0xFFFF, 0xFFFF, 0x7C53, 0x0A31, 0x0AD7, 0x02B5,
 0x7DBC, 0xCF5F, 0xB69D, 0x751A, 0x2B35, 0x0AB5, 0x0AD7, 0x0275, 0x5C99, 0xDF7F, 0xDF3D, 0xE73C, 0xEF5E, 0xBEBD, 0x43F7, 0x0AD6,
 0x02D8, 0x02D7, 0x0AB5, 0x0274, 0x0A53, 0x3356, 0x43B7, 0x2B55, 0x0A0F, 0x4B92, 0xE79E, 0xFFFF, 0xFFFF, 0xFFFF, 0xFFFF, 0xFFFF,
 0xFFFF, 0xFFFF, 0xFFFF, 0xFFFF, 0xFFFF, 0xFFDF, 0xFFFF, 0xFFFF, 0xFFFF, 0x7412, 0x018D, 0x1B17, 0x0AD6, 0x2B77, 0x43D7, 0x22F5,
 0x0274, 0x0295, 0x0AB6, 0x02B6, 0x0295, 0x3355, 0x95BB, 0xDF3E, 0xEF5E, 0xE77F, 0x5C35, 0x1292, 0x0AB6, 0x0AF7, 0x0AD6, 0x0AB5,
 0x0A95, 0x0A75, 0x0A75, 0x1AB4, 0x1A2F, 0x5371, 0xDF5E, 0xFFFF, 0xFFFF, 0xFFFF, 0xFFFF, 0xFFFF, 0xFFFF, 0xFFFF, 0xFFFF, 0xFFFF,
 0xFFFF, 0xFFFF, 0xFFFF, 0xFFFF, 0xFFFF, 0xFFFF, 0xA577, 0x2A0C, 0x1230, 0x1AD5, 0x1B17, 0x1295, 0x0275, 0x0AB6, 0x0AD6, 0x0AB5,
 0x0AD6, 0x12B5, 0x1272, 0x2A70, 0xBE5B, 0xF7BF, 0xE75E, 0xAE3B, 0x74F9, 0x4BD6, 0x1AD4, 0x0AD5, 0x12B5, 0x1AB4, 0x1A93, 0x1A72,
 0x098D, 0x4B0F, 0xE75E, 0xFFFF, 0xFFFF, 0xFFFF, 0xFFFF, 0xFFFF, 0xFFFF, 0xFFFF, 0xFFFF, 0xFFFF, 0xFFFF, 0xFFFF, 0xFFFF, 0xFFFF,
 0xFFFF, 0xFFFF, 0xFFFF, 0xFFFF, 0xC619, 0x5B90, 0x222D, 0x014C, 0x01F0, 0x1292, 0x1272, 0x0A31, 0x1272, 0x0A52, 0x0A10, 0x018D,
 0x2A6E, 0xBE7B, 0xEF7D, 0xE73C, 0xDF3D, 0xDF1D, 0xC69D, 0x95BB, 0x3353, 0x09CF, 0x014B, 0x092A, 0x1949, 0x5B2F, 0xEF5D, 0xFFFF,
 0xFFFF, 0xFFFF, 0xFFFF, 0xFFFF, 0xFFFF, 0xFFFF, 0xFFFF, 0xFFFF, 0xFFFF, 0xFFFF, 0xFFFF, 0xFFFF, 0xFFFF, 0xFFFF, 0xFFFF, 0xFFFF,
 0xFFFF, 0xFFFF, 0xFFFF, 0xB5F8, 0x8432, 0x6BF3, 0x21EB, 0x00C7, 0x00A6, 0x00C7, 0x324D, 0x3A8E, 0x3A6C, 0x4AEE, 0x7C31, 0x8430,
 0x8450, 0x8430, 0x7C10, 0x8451, 0x5B2E, 0x21A9, 0x1108, 0x39EA, 0x6B8F, 0xCE7A, 0xF7DF, 0xFFFF, 0xFFFF, 0xFFFF, 0xFFFF, 0xFFFF,
 0xFFFF, 0xFFFF, 0xFFFF, 0xFFFF, 0xFFFF, 0xFFFF, 0xFFFF, 0xFFFF, 0xFFFF, 0xFFFF, 0xFFFF, 0xFFFF, 0xFFFF, 0xFFFF, 0xFFFF, 0xFFFF,
 0xFFFF, 0xFFFF, 0xFFFF, 0xB5F8, 0x8C93, 0x8C93, 0x8CB4, 0xD6DC, 0xE75E, 0xEF7D, 0xEF7D, 0xE73C, 0xE73C, 0xE75C, 0xE73C, 0xE73C,
 0xE75D, 0x9D35, 0x73F0, 0x9D56, 0xE75E, 0xFFFF, 0xFFFF, 0xFFFF, 0xFFFF, 0xFFFF, 0xFFFF, 0xFFFF, 0xFFFF, 0xFFFF, 0xFFFF, 0xFFFF,
 0xFFFF, 0xFFFF, 0xFFFF, 0xFFFF, 0xFFFF, 0xFFFF, 0xFFFF, 0xFFFF, 0xFFFF, 0xFFFF, 0xFFFF, 0xFFFF, 0xFFFF, 0xFFFF, 0xFFFF, 0xFFFF,
 0xFFFF, 0xFFFF, 0xFFFF, 0xFFFF, 0xFFFF, 0xFFFF, 0xFFFF, 0xFFFF, 0xFFFF, 0xFFFF, 0xFFFF, 0xFFFF, 0xFFFF, 0xFFFF, 0xFFFF, 0xFFFF,
 0xFFFF, 0xFFFF, 0xFFFF, 0xFFFF, 0xFFFF, 0xFFFF, 0xFFFF, 0xFFFF, 0xFFFF, 0xFFFF, 0xFFFF, 0xFFFF, 0xFFFF, 0xFFFF, 0xFFFF, 0xFFFF,
 0xFFFF, 0xFFFF, 0xFFFF, 0xFFFF, 0xFFFF, 0xFFFF, 0xFFFF, 0xFFFF, 0xFFFF, 0xFFFF, 0xFFFF, 0xFFFF, 0xFFFF, 0xFFFF, 0xFFFF, 0xFFFF,
 0xFFFF, 0xFFFF, 0xFFFF, 0xFFFF, 0xFFFF, 0xFFFF, 0xFFFF, 0xFFFF, 0xFFFF, 0xFFFF, 0xFFFF, 0xFFFF, 0xFFFF, 0xFFFF, 0xFFFF, 0xFFFF,
 0xFFFF, 0xFFFF, 0xFFFF, 0xFFFF, 0xFFFF, 0xFFFF, 0xFFFF, 0xFFFF, 0xFFFF, 0xFFFF, 0xFFFF, 0xFFFF, 0xFFFF, 0xFFFF, 0xFFFF, 0xFFFF,
 0xFFFF, 0xFFFF, 0xFFFF, 0xFFFF, 0xFFFF, 0xFFFF, 0xFFFF, 0xFFFF, 0xFFFF, 0xFFFF, 0xFFFF, 0xFFFF, 0xFFFF, 0xFFFF, 0xFFFF, 0xFFFF,
 0xFFFF, 0xFFFF, 0xFFFF, 0xFFFF, 0xFFFF, 0xFFFF, 0xFFFF, 0xFFFF, 0xFFFF, 0xFFFF, 0xFFFF, 0xFFFF, 0xFFFF, 0xFFFF, 0xFFFF, 0xFFFF,
 0xFFFF, 0xFFFF, 0xFFFF, 0xFFFF, 0xFFFF, 0xFFFF, 0xFFFF, 0xFFFF, 0xFFFF, 0xFFFF, 0xFFFF, 0xFFFF, 0xFFFF, 0xFFFF, 0xFFFF, 0xFFFF,
 0xFFFF, 0xFFFF, 0xFFFF, 0xFFFF, 0xFFFF, 0xFFFF, 0xFFFF, 0xFFFF, 0xFFFF, 0xFFFF, 0xFFFF, 0xFFFF, 0xFFFF, 0xFFFF, 0xFFFF, 0xFFFF,
 0xFFFF, 0xFFFF, 0xFFFF, 0xFFFF, 0xFFFF, 0xFFFF, 0xFFFF, 0xFFFF, 0xFFFF, 0xFFFF, 0xFFFF, 0xFFFF, 0xFFFF, 0xFFFF, 0xFFFF, 0xFFFF,
 0xFFFF, 0xFFFF, 0xFFFF, 0xFFFF, 0xFFFF, 0xFFFF, 0xFFFF, 0xFFFF, 0xFFFF, 0xFFFF, 0xFFFF, 0xFFFF, 0xFFFF, 0xFFFF, 0xFFFF, 0xFFFF,
 0xFFFF, 0xFFFF, 0xFFFF, 0xFFFF, 0xFFFF, 0xFFFF, 0xFFFF, 0xFFFF, 0xFFFF, 0xFFFF, 0xFFFF, 0xFFFF, 0xFFFF, 0xFFFF, 0xFFFF, 0xFFFF,
 0xFFFF, 0xFFFF, 0xFFFF, 0xFFFF, 0xFFFF, 0xFFFF, 0xFFFF, 0xFFFF, 0xFFFF, 0xFFFF, 0xFFFF, 0xFFFF, 0xFFFF, 0xFFFF, 0xFFFF, 0xFFFF,
 0xFFFF, 0xFFFF, 0xFFFF, 0xFFFF, 0xFFFF, 0xFFFF, 0xFFFF, 0xFFFF, 0xFFFF,
};


const unsigned short bevoN[] = {
 0xFFFF, 0xFFFF, 0xFFFF, 0xFFFF, 0xFFFF, 0xFFFF, 0xFFFF, 0xFFFF, 0xFFFF, 0xFFFF, 0xFFFF, 0xFFFF, 0xFFFF, 0xFFFF, 0xFFFF, 0xFFFF,
 0xFFFF, 0xFFFF, 0xFFFF, 0xFFFF, 0xFFFF, 0xFFFF, 0xFFFF, 0xFFFF, 0xFFFF, 0xFFFF, 0xF79E, 0xA4F4, 0x4A4A, 0x634E, 0xD6DC, 0xF7BE,
 0xF79D, 0xFFFF, 0xFFFF, 0xFFFF, 0xFFFF, 0xFFFF, 0xFFFF, 0xFFFF, 0xFFFF, 0xFFFF, 0xFFFF, 0xFFFF, 0xFFFF, 0xFFFF, 0xFFFF, 0xFFFF,
 0xFFFF, 0xFFFF, 0xFFFF, 0xFFFF, 0xFFFF, 0xFFDF, 0xF77E, 0xEF7D, 0xEF5D, 0xF79E, 0xFFFF, 0xFFFF, 0xFFFF, 0xFFFF, 0xFFFF, 0xFFFF,
 0xFFFF, 0xFFFF, 0xFFFF, 0xFFFF, 0xFFFF, 0xFFFF, 0xFFFF, 0xFFFF, 0xFFFF, 0xFFFF, 0xFFFF, 0xFFFF, 0xFFFF, 0xFFFF, 0xFFFF, 0xFFFF,
 0xFFFF, 0xFFFF, 0xFFFF, 0xFFFF, 0xFFFF, 0xFFFF, 0xFFFF, 0xFFFF, 0xFFFF, 0xFFFF, 0xDEDB, 0x6B4D, 0x422A, 0x31C9, 0x2168, 0x31E9,
 0x52AB, 0x9CF3, 0xFFFF, 0xFFFF, 0xFFFF, 0xFFFF, 0xFFFF, 0xFFFF, 0xFFFF, 0xFFFF, 0xFFFF, 0xFFFF, 0xFFFF, 0xFFFF, 0xFFFF, 0xFFFF,
 0xFFFF, 0xFFFF, 0xFFFF, 0xFFFF, 0xFFFF, 0xEF5C, 0x6B6D, 0x4A8B, 0x52CC, 0x4A8B, 0x634E, 0xDEFC, 0xFFFF, 0xFFFF, 0xFFFF, 0xFFFF,
 0xFFFF, 0xFFFF, 0xFFFF, 0xFFFF, 0xFFFF, 0xFFFF, 0xFFFF, 0xFFFF, 0xFFFF, 0xFFFF, 0xFFFF, 0xFFFF, 0xFFFF, 0xFFFF, 0xFFFF, 0xFFFF,
 0xFFFF, 0xFFFF, 0xFFFF, 0xFFFF, 0xFFFF, 0xFFFF, 0xFFFF, 0xFFFF, 0xFFFF, 0xFFFF, 0xFFFF, 0xD6BB, 0x52AB, 0x31C9, 0x3A6D, 0x3A6E,
 0x0065, 0x0000, 0x73AF, 0xFFFF, 0xFFFF, 0xFFFF, 0xFFFF, 0xFFFF, 0xFFFF, 0xFFFF, 0xFFFF, 0xFFFF, 0xFFFF, 0xFFFF, 0xFFFF, 0xFFFF,
 0xFFFF, 0xFFFF, 0xFFFF, 0xFFFF, 0xFFFF, 0xFFFF, 0xD69A, 0x10A3, 0x29A8, 0x3A2A, 0x08A5, 0x0022, 0x6B8F, 0xF7BF, 0xFFFF, 0xFFFF,
 0xFFFF, 0xFFFF, 0xFFFF, 0xFFFF, 0xFFFF, 0xFFFF, 0xFFFF, 0xFFFF, 0xFFFF, 0xFFFF, 0xFFFF, 0xFFFF, 0xFFFF, 0xFFFF, 0xFFFF, 0xFFFF,
 0xFFFF, 0xFFFF, 0xFFFF, 0xFFFF, 0xFFFF, 0xFFFF, 0xFFFF, 0xFFFF, 0xFFFF, 0xFFFF, 0xFFFF, 0xFFFF, 0xFFFF, 0xC65A, 0x1107, 0x0929,
 0x222E, 0x2A4E, 0x08E7, 0x73F1, 0xFFFF, 0xFFFF, 0xFFFF, 0xFFFF, 0xFFFF, 0xFFFF, 0xFFFF, 0xFFFF, 0xFFFF, 0xFFFF, 0xFFFF, 0xFFFF,
 0xFFFF, 0xFFFF, 0xFFFF, 0xFFFF, 0xFFFF, 0xFFFF, 0xFFFF, 0xEF7D, 0x6B8F, 0x52EE, 0x42CE, 0x324D, 0x08A6, 0x420A, 0xEF7E, 0xFFFF,
 0xFFFF, 0xFFFF, 0xFFFF, 0xFFFF, 0xFFFF, 0xFFFF, 0xFFFF, 0xFFFF, 0xFFFF, 0xFFFF, 0xFFFF, 0xFFFF, 0xFFFF, 0xFFFF, 0xFFFF, 0xFFFF,
 0xFFFF, 0xFFFF, 0xFFFF, 0xFFFF, 0xFFFF, 0xFFFF, 0xFFFF, 0xFFFF, 0xFFFF, 0xFFFF, 0xFFFF, 0xFFFF, 0xFFFF, 0xFFFF, 0xA576, 0x0085,
 0x118C, 0x2A71, 0x3AF3, 0x1129, 0x6BB1, 0xFFFF, 0xFFFF, 0xFFFF, 0xFFFF, 0xFFFF, 0xFFFF, 0xFFFF, 0xFFFF, 0xFFFF, 0xFFFF, 0xFFFF,
 0xFFFF, 0xFFFF, 0xFFFF, 0xFFFF, 0xFFFF, 0xFFFF, 0xFFFF, 0xFFDF, 0xFFFF, 0xCE9B, 0x322C, 0x324E, 0x4B53, 0x196B, 0x426D, 0xE75E,
 0xFFFF, 0xFFFF, 0xFFFF, 0xFFFF, 0xFFDF, 0xFFFF, 0xFFFF, 0xFFFF, 0xFFFF, 0xFFFF, 0xFFFF, 0xFFFF, 0xFFFF, 0xFFFF, 0xFFFF, 0xFFFF,
 0xFFFF, 0xFFFF, 0xFFFF, 0xFFFF, 0xFFFF, 0xFFFF, 0xFFFF, 0xFFFF, 0xFFFF, 0xFFFF, 0xFFFF, 0xFFFF, 0xFFFF, 0xE73C, 0x7BF0, 0x31E9,
 0x0949, 0x2270, 0x2A93, 0x32F4, 0x090A, 0x6B71, 0xFFFF, 0xFFFF, 0xFFFF, 0xFFFF, 0xFFFF, 0xFFFF, 0xFFFF, 0xFFFF, 0xFFFF, 0xFFFF,
 0xFFFF, 0xFFFF, 0xFFFF, 0xFFFF, 0xFFFF, 0xFFFF, 0xFFFF, 0xFFFF, 0x9CF3, 0x6B4E, 0x4AAD, 0x198A, 0x2A4F, 0x3B12, 0x2A4F, 0x1949,
 0x94D5, 0xFFFF, 0xFFFF, 0xFFFF, 0xFFFF, 0xFFFF, 0xFFFF, 0xFFFF, 0xFFFF, 0xFFFF, 0xFFFF, 0xFFFF, 0xFFFF, 0xFFFF, 0xFFFF, 0xFFFF,
 0xFFFF, 0xFFFF, 0xFFFF, 0xFFFF, 0xFFFF, 0xFFFF, 0xFFFF, 0xFFFF, 0xFFFF, 0xFFFF, 0xFFFF, 0xFFFF, 0xFFFF, 0xFFFF, 0x6B6E, 0x0863,
 0x08A6, 0x118C, 0x2AB3, 0x1A94, 0x2AF4, 0x11AD, 0x4B0F, 0xE75D, 0xFFFF, 0xFFFF, 0xFFFF, 0xFFFF, 0xFFFF, 0xFFFF, 0xFFFF, 0xFFFF,
 0xFFFF, 0xFFFF, 0xFFFF, 0xFFFF, 0xFFFF, 0xFFFF, 0xFFFF, 0xFFFF, 0xFFFF, 0x7C10, 0x0000, 0x1926, 0x1128, 0x11AD, 0x3313, 0x2AD2,
 0x092A, 0x6390, 0xF7DF, 0xFFFF, 0xFFFF, 0xFFFF, 0xFFFF, 0xFFFF, 0xFFFF, 0xFFFF, 0xFFFF, 0xFFFF, 0xFFFF, 0xFFFF, 0xFFFF, 0xFFFF,
 0xFFFF, 0xFFFF, 0xFFFF, 0xFFFF, 0xFFFF, 0xFFFF, 0xFFFF, 0xFFFF, 0xFFFF, 0xFFFF, 0xFFFF, 0xFFFF, 0xFFFF, 0xFFFF, 0xFFDF, 0x8C73,
 0x424B, 0x216A, 0x092B, 0x1A73, 0x1294, 0x1AB4, 0x2291, 0x1169, 0x9D36, 0xFFFF, 0xFFFF, 0xFFFF, 0xFFFF, 0xFFFF, 0xFFFF, 0xFFFF,
 0xFFFF, 0xFFFF, 0xFFFF, 0xFFFF, 0xFFFF, 0xFFFF, 0xFFFF, 0xFFFF, 0xFFFF, 0xF7FF, 0xDF5C, 0x638E, 0x29C9, 0x1949, 0x012B, 0x2AD3,
 0x2B14, 0x120E, 0x5B91, 0xE79E, 0xFFFF, 0xFFDF, 0xFFFF, 0xFFFF, 0xFFFF, 0xFFFF, 0xFFFF, 0xFFFF, 0xFFFF, 0xFFFF, 0xFFFF, 0xFFFF,
 0xFFFF, 0xFFFF, 0xFFFF, 0xFFFF, 0xFFFF, 0xFFFF, 0xFFFF, 0xFFFF, 0xFFFF, 0xFFFF, 0xFFFF, 0xFFFF, 0xFFFF, 0xFFFF, 0xFFFF, 0xFFFF,
 0xDF1D, 0x31A8, 0x0086, 0x094B, 0x1A92, 0x12B5, 0x1AB5, 0x22B2, 0x0929, 0x8CD5, 0xFFFF, 0xFFFF, 0xFFFF, 0xFFFF, 0xFFFF, 0xFFFF,
 0xFFFF, 0xFFFF, 0xFFFF, 0xFFFF, 0xFFFF, 0xFFFF, 0xFFFF, 0xFFFF, 0xFFFF, 0xFFFF, 0xF7FF, 0xFFFF, 0xBE5A, 0x2168, 0x08E7, 0x010A,
 0x1A92, 0x2B35, 0x098C, 0x5B70, 0xEFDF, 0xFFFF, 0xFFFF, 0xFFFF, 0xFFFF, 0xFFFF, 0xFFFF, 0xFFFF, 0xFFFF, 0xFFFF, 0xFFFF, 0xFFFF,
 0xFFFF, 0xFFFF, 0xFFFF, 0xFFFF, 0xFFFF, 0xFFFF, 0xFFFF, 0xFFFF, 0xFFFF, 0xFFFF, 0xFFFF, 0xFFFF, 0xFFFF, 0xFFFF, 0xFFFF, 0xFFFF,
 0xFFFF, 0xD6BC, 0x29A8, 0x1948, 0x012A, 0x1A72, 0x12B5, 0x12B5, 0x1A92, 0x0109, 0x8C95, 0xFFFF, 0xFFDF, 0xFFFF, 0xFFFF, 0xF7FF,
 0xFFFF, 0xFFFF, 0xFFFF, 0xFFFF, 0xFFFF, 0xFFFF, 0xFFFF, 0xFFFF, 0xFFFF, 0xFFFF, 0xFFDF, 0xF7FF, 0xFFFF, 0xCEBB, 0x29C9, 0x0909,
 0x09AD, 0x22F4, 0x2B36, 0x11AD, 0x4B0F, 0xDF3D, 0xFFFF, 0xFFFF, 0xFFFF, 0xFFFF, 0xFFFF, 0xFFFF, 0xFFFF, 0xFFFF, 0xFFFF, 0xFFFF,
 0xFFFF, 0xFFFF, 0xFFFF, 0xFFFF, 0xFFFF, 0xFFFF, 0xFFFF, 0xFFFF, 0xFFFF, 0xFFFF, 0xFFFF, 0xFFFF, 0xFFFF, 0xFFFF, 0xFFFF, 0xFFFF,
 0xFFFF, 0xFFFF, 0xD6DC, 0x29A9, 0x1989, 0x098B, 0x0211, 0x0274, 0x12D6, 0x22F5, 0x096C, 0x7434, 0xF7DF, 0xFFFF, 0xF7BF, 0xFFFF,
 0xFFFF, 0xFFFF, 0xFFFF, 0xFFFF, 0xFFFF, 0xFFFF, 0xFFFF, 0xFFFF, 0xFFFF, 0xFFFF, 0xFFFF, 0xFFFF, 0xF7DF, 0xFFFF, 0xCEDC, 0x29EB,
 0x222D, 0x2B13, 0x1AF5, 0x2316, 0x2AB2, 0x21EB, 0xA596, 0xF7FF, 0xDF3D, 0xF7BF, 0xFFFF, 0xFFFF, 0xFFFF, 0xFFFF, 0xFFFF, 0xFFFF,
 0xFFFF, 0xFFFF, 0xFFFF, 0xFFFF, 0xFFFF, 0xFFFF, 0xFFFF, 0xFFFF, 0xFFFF, 0xFFFF, 0xFFFF, 0xFFFF, 0xFFFF, 0xFFFF, 0xFFFF, 0xFFFF,
 0xFFFF, 0xFFFF, 0xFFFF, 0xD6FD, 0x2189, 0x1149, 0x09CE, 0x12B4, 0x0AB6, 0x02B6, 0x1AF5, 0x2291, 0x2A0C, 0xB5FA, 0xEF7F, 0xEFBF,
 0xC63A, 0x9D15, 0x9D76, 0xA597, 0xADB8, 0xADB8, 0xADB8, 0xADB8, 0xCEDC, 0xFFFF, 0xFFFF, 0xF7FF, 0xFFFF, 0xFFFF, 0xFFFF, 0xCEDC,
 0x1969, 0x118C, 0x22F4, 0x12D5, 0x2316, 0x2AD3, 0x00A6, 0x84B4, 0xBE39, 0x52ED, 0xC65A, 0xFFFF, 0xFFFF, 0xFFFF, 0xFFFF, 0xFFFF,
 0xFFFF, 0xFFFF, 0xFFFF, 0xFFFF, 0xFFFF, 0xFFFF, 0xFFFF, 0xFFFF, 0xFFFF, 0xFFFF, 0xFFFF, 0xFFFF, 0xFFFF, 0xFFFF, 0xFFFF, 0xFFFF,
 0xFFFF, 0xFFFF, 0xFFFF, 0xFFFF, 0xCEBC, 0x2149, 0x010A, 0x0A10, 0x1AF6, 0x0AF7, 0x02D7, 0x0AD5, 0x22F3, 0x012A, 0x10C6, 0x3A2B,
 0x94F6, 0x428D, 0x08C7, 0x116A, 0x118A, 0x19AA, 0x19AB, 0x19AB, 0x1149, 0x4B0F, 0x9D78, 0x9D37, 0x9516, 0x9D36, 0xBE19, 0xF7DF,
 0xC6BC, 0x1108, 0x010B, 0x12B4, 0x0AD6, 0x1B17, 0x22B2, 0x2A0D, 0x5370, 0x3A6C, 0x1968, 0x6B90, 0xEF9E, 0xFFFF, 0xFFFF, 0xFFFF,
 0xFFFF, 0xFFFF, 0xFFFF, 0xFFFF, 0xFFFF, 0xFFFF, 0xFFFF, 0xFFFF, 0xFFFF, 0xFFFF, 0xFFFF, 0xFFFF, 0xFFFF, 0xFFFF, 0xFFFF, 0xFFFF,
 0xFFFF, 0xFFFF, 0xFFFF, 0xEF9F, 0x9516, 0x5B71, 0x118A, 0x018D, 0x1AD4, 0x12F6, 0x02D7, 0x02B7, 0x0AB5, 0x22F4, 0x09CD, 0x0087,
 0x00E8, 0x0929, 0x116B, 0x19CD, 0x11CE, 0x11EE, 0x1A0F, 0x1A0F, 0x1A0F, 0x1A2F, 0x19EE, 0x098C, 0x096A, 0x118A, 0x08A6, 0x29CA,
 0xBE7C, 0x84B6, 0x096B, 0x1211, 0x0A95, 0x02D7, 0x1B17, 0x1A92, 0x3B31, 0x5BD3, 0x21EC, 0x326E, 0x6391, 0xEF9F, 0xFFFF, 0xFFFF,
 0xFFFF, 0xFFFF, 0xFFFF, 0xFFFF, 0xFFFF, 0xFFFF, 0xFFFF, 0xFFFF, 0xFFFF, 0xFFFF, 0xFFFF, 0xFFFF, 0xFFFF, 0xFFFF, 0xFFFF, 0xFFFF,
 0xFFFF, 0xFFFF, 0xFFFF, 0xFFFF, 0x94D5, 0x1107, 0x0929, 0x11ED, 0x09F0, 0x1AF5, 0x12F6, 0x02D6, 0x02D7, 0x0AD6, 0x1AD4, 0x09CF,
 0x010B, 0x11AD, 0x09AD, 0x018E, 0x01AE, 0x09F0, 0x01F0, 0x0A11, 0x0A11, 0x0211, 0x0A32, 0x01F1, 0x01F0, 0x09F0, 0x120F, 0x11AD,
 0x116C, 0x3A4F, 0x220D, 0x2271, 0x1AB4, 0x0A96, 0x02D7, 0x1B17, 0x1272, 0x4373, 0x53D4, 0x222E, 0x2A4E, 0x63D2, 0xEFBF, 0xFFFF,
 0xFFFF, 0xFFFF, 0xFFFF, 0xFFFF, 0xFFFF, 0xFFFF, 0xFFFF, 0xFFFF, 0xFFFF, 0xFFFF, 0xFFFF, 0xFFFF, 0xFFFF, 0xFFFF, 0xFFFF, 0xFFFF,
 0xFFFF, 0xFFFF, 0xFFFF, 0xFFFF, 0xC67A, 0x320B, 0x21EC, 0x2A70, 0x120F, 0x01F0, 0x12F5, 0x1317, 0x02D7, 0x02B6, 0x0AB6, 0x1AD5,
 0x09F1, 0x016E, 0x09AF, 0x016E, 0x0A11, 0x0A73, 0x0A73, 0x0A74, 0x0AB5, 0x0A95, 0x0A95, 0x0A96, 0x0A75, 0x0233, 0x0212, 0x09F1,
 0x09F1, 0x09AF, 0x008A, 0x012C, 0x22B3, 0x12B5, 0x0296, 0x02D7, 0x1317, 0x1AB3, 0x224F, 0x2A4F, 0x2A90, 0x21ED, 0x5351, 0xEFBF,
 0xFFFF, 0xFFFF, 0xFFFF, 0xFFFF, 0xFFFF, 0xFFFF, 0xFFFF, 0xFFFF, 0xFFFF, 0xFFFF, 0xFFFF, 0xFFFF, 0xFFFF, 0xFFFF, 0xFFFF, 0xFFDF,
 0xFFFF, 0xFFFF, 0xFFFF, 0xFFFF, 0xDEDB, 0x39E9, 0x1969, 0x32B0, 0x1A50, 0x0A11, 0x0212, 0x12F6, 0x1317, 0x02D6, 0x02B6, 0x0AB6,
 0x0A95, 0x1294, 0x1273, 0x1252, 0x0A11, 0x1272, 0x12B4, 0x0AB4, 0x0AD6, 0x0AD6, 0x0AD7, 0x0AF8, 0x0B18, 0x0AF8, 0x0296, 0x0A75,
 0x1294, 0x1A73, 0x0A11, 0x016F, 0x01D0, 0x1274, 0x12B6, 0x02B6, 0x02D7, 0x1317, 0x1AD4, 0x00AA, 0x0068, 0x3AD1, 0x2A2E, 0x7C95,
 0xF7FF, 0xFFFF, 0xFFFF, 0xFFFF, 0xFFFF, 0xFFFF, 0xFFFF, 0xFFFF, 0xFFFF, 0xFFFF, 0xFFFF, 0xFFFF, 0xFFFF, 0xFFFF, 0xFFFF, 0xFFFF,
 0xFFFF, 0xFFFF, 0xFFFF, 0xFFFF, 0xDEFB, 0x7BD0, 0x7C33, 0x6BF4, 0x2270, 0x1A92, 0x0212, 0x0AB5, 0x1317, 0x0AF7, 0x02D7, 0x02B7,
 0x02B7, 0x0296, 0x0A95, 0x1274, 0x1AB4, 0x1A92, 0x1271, 0x1A71, 0x1272, 0x0A73, 0x12B4, 0x0AB5, 0x02B6, 0x0B18, 0x02F7, 0x02D7,
 0x0AD7, 0x12F7, 0x12D6, 0x1294, 0x0233, 0x0254, 0x0A96, 0x0AB6, 0x02B6, 0x02D6, 0x1317, 0x1AD4, 0x012B, 0x118C, 0x2A4E, 0x5372,
 0xDF7F, 0xFFFF, 0xFFFF, 0xFFFF, 0xFFFF, 0xFFFF, 0xFFFF, 0xFFFF, 0xFFFF, 0xFFFF, 0xFFFF, 0xFFFF, 0xFFFF, 0xFFFF, 0xFFFF, 0xFFDF,
 0xFFFF, 0xFFDF, 0xFFFF, 0xFFFF, 0xBDD6, 0x7BCF, 0xA515, 0xDF3F, 0x955A, 0x1A30, 0x0A11, 0x0213, 0x12F8, 0x0AF8, 0x02D7, 0x02D7,
 0x02B7, 0x0297, 0x0297, 0x0296, 0x0A74, 0x2AF5, 0x5418, 0x6478, 0x6C78, 0x6C98, 0x6477, 0x6499, 0x4C39, 0x2B97, 0x0AD6, 0x0AF7,
 0x02F8, 0x02F8, 0x02D8, 0x02D8, 0x02B6, 0x0276, 0x0276, 0x0296, 0x0AD7, 0x02F7, 0x0AF7, 0x12F7, 0x2315, 0x098D, 0x2A6F, 0x2A4D,
 0x84B6, 0xF7FF, 0xFFFF, 0xFFFF, 0xFFFF, 0xFFFF, 0xFFFF, 0xFFFF, 0xFFFF, 0xFFFF, 0xFFFF, 0xEF9E, 0xDEFC, 0xDF1D, 0xE73D, 0xF7BF,
 0xFFDF, 0xFFBF, 0xFFDF, 0xCE9B, 0x8C92, 0x73AE, 0xBDF7, 0xE75D, 0xE79F, 0xAE3C, 0x32D2, 0x0A11, 0x0A74, 0x0AF8, 0x0AF8, 0x02D8,
 0x02D8, 0x0297, 0x0297, 0x0297, 0x0295, 0x1293, 0x53F7, 0xAE5E, 0xC71F, 0xCEFF, 0xCEFF, 0xCEFF, 0xCF1F, 0xC73F, 0x859C, 0x1AB3,
 0x0AF6, 0x02F8, 0x02D8, 0x02D8, 0x02D8, 0x02B7, 0x0296, 0x0296, 0x02B7, 0x02D7, 0x02F7, 0x02F7, 0x0AD6, 0x1AF5, 0x09AE, 0x222D,
 0x324C, 0xB63A, 0xFFFF, 0xFFFF, 0xFFFF, 0xFFFF, 0xFFFF, 0xFFFF, 0xFFDF, 0xFFDF, 0xFFFF, 0xEFBF, 0x94F5, 0x3188, 0x2988, 0x3188,
 0x5B0E, 0xEF7F, 0xFFFF, 0xC65B, 0x31A9, 0x2147, 0xADB8, 0xEF9F, 0xE75E, 0xDF5E, 0xD77F, 0x6476, 0x1A92, 0x1AF5, 0x12F7, 0x0AF8,
 0x02D8, 0x02D8, 0x02D8, 0x02B7, 0x0296, 0x0A94, 0x22D2, 0xA61D, 0xCEFE, 0xD6FD, 0xD6DD, 0xD6DD, 0xDEFC, 0xDF1D, 0xDF5F, 0xB69E,
 0x6499, 0x1B16, 0x02F8, 0x02D8, 0x02D8, 0x02F8, 0x0295, 0x0274, 0x0295, 0x02D6, 0x02D7, 0x02D7, 0x02D7, 0x0AD6, 0x1AD5, 0x0A10,
 0x00E9, 0x2989, 0xD6DC, 0xFFFF, 0xFFFF, 0xFFFF, 0xFFFF, 0xFFFF, 0xFFFF, 0xFFFF, 0xFFFF, 0xEF7E, 0x73D1, 0x4ACD, 0x73D2, 0x3A2C,
 0x1107, 0x08E6, 0x6391, 0x9D37, 0x3A2C, 0x08C6, 0x21CA, 0x7454, 0xD6FE, 0xE73F, 0xE75E, 0xE79F, 0xAE5C, 0x4374, 0x22F4, 0x1AF5,
 0x12F6, 0x0B17, 0x02D7, 0x02D8, 0x02D7, 0x02B6, 0x0A73, 0x6CB9, 0xC6FF, 0xDF1D, 0xDF1D, 0xDF1D, 0xDF1C, 0xE71C, 0xE71C, 0xDF3E,
 0xCF5F, 0x9E3E, 0x2336, 0x02D6, 0x02F8, 0x0AF7, 0x12F6, 0x1AF5, 0x1AF4, 0x12D4, 0x0AB5, 0x0AF6, 0x02D7, 0x02D7, 0x0AD7, 0x12D5,
 0x1272, 0x096B, 0x29CA, 0xDF1D, 0xFFDF, 0xFFFF, 0xFFFF, 0xFFFF, 0xFFFF, 0xFFFF, 0xFFFF, 0xEF7E, 0x8C74, 0x426D, 0x428E, 0x7C76,
 0x5372, 0x2A4F, 0x096B, 0x00A7, 0x0066, 0x00C7, 0x21EC, 0x2A4E, 0x2A4E, 0x7CB7, 0xD73F, 0xDF3F, 0xE77F, 0xCEFE, 0x8D79, 0x857B,
 0x64B9, 0x33B7, 0x12F6, 0x02D7, 0x02D7, 0x02D7, 0x0AB6, 0x12B3, 0x8DDC, 0xCF1F, 0xDF1D, 0xDF1C, 0xDF1C, 0xE71C, 0xE73C, 0xE71C,
 0xDF3D, 0xD77F, 0x9E3E, 0x2315, 0x02B6, 0x0AF7, 0x12F6, 0x1293, 0x6499, 0x95FE, 0x5C9A, 0x1293, 0x0AB5, 0x0AF7, 0x02F8, 0x02D7,
 0x0AD6, 0x1AB3, 0x11AC, 0x2168, 0xD6FC, 0xFFFF, 0xFFFF, 0xFFFF, 0xFFFF, 0xFFFF, 0xFFFF, 0xFFDF, 0x94D5, 0x52EF, 0x9D39, 0x9D9B,
 0x959C, 0x5C17, 0x2AD3, 0x2271, 0x09AD, 0x094B, 0x096A, 0x118B, 0x1A0E, 0x1A0E, 0x3AF1, 0x957B, 0xD71F, 0xDF3E, 0xE75F, 0xDF5F,
 0xD75F, 0xC73F, 0x85FD, 0x1B56, 0x02D6, 0x02D7, 0x02D8, 0x02B5, 0x2B55, 0xA63D, 0xD73E, 0xE73D, 0xE71C, 0xE73D, 0xE73D, 0xE73D,
 0xE73C, 0xDF3E, 0xB69D, 0x5C78, 0x1B15, 0x0AB6, 0x0AD6, 0x2336, 0x751A, 0xA67D, 0xC71F, 0xAE9F, 0x6478, 0x2B35, 0x12F6, 0x02F7,
 0x02D7, 0x0AD7, 0x12B4, 0x09AD, 0x2189, 0xCEBC, 0xFFFF, 0xFFFF, 0xFFFF, 0xFFFF, 0xFFFF, 0xFFFF, 0xF79E, 0x7BD1, 0x7C34, 0xBE7F,
 0xAE3F, 0x95DE, 0x5C7A, 0x1AB4, 0x22D5, 0x1251, 0x09CE, 0x1A0F, 0x096C, 0x010A, 0x1A0F, 0x1A2F, 0x1A0E, 0x9DDB, 0xDF5F, 0xDF3E,
 0xEF5E, 0xE75E, 0xD75F, 0xAEDF, 0x3C18, 0x02B6, 0x02B7, 0x02D8, 0x02B5, 0x3396, 0xAE7E, 0xDF5F, 0xEF3D, 0xE73D, 0xE73D, 0xE75D,
 0xE73D, 0xDF3D, 0xDF3E, 0xA5FC, 0x22D2, 0x12D4, 0x12D6, 0x0AB5, 0x4418, 0xBF5F, 0xCF3F, 0xCF1E, 0xD71E, 0xCF3F, 0x7D7C, 0x2B76,
 0x0B16, 0x02D7, 0x0AB6, 0x1294, 0x098D, 0x1949, 0xC69B, 0xFFFF, 0xFFFF, 0xFFFF, 0xFFFF, 0xFFFF, 0xFFFF, 0xFFFF, 0xAD36, 0x73D2,
 0x9D9B, 0x74B9, 0x3356, 0x22F5, 0x12B5, 0x12B5, 0x1293, 0x1A92, 0x2291, 0x11CE, 0x00CA, 0x098D, 0x1A2F, 0x11EE, 0x5C16, 0xA61D,
 0xCF1F, 0xE75F, 0xE75F, 0xDF7F, 0xAEDF, 0x33D7, 0x02B5, 0x02D8, 0x02D8, 0x0AD6, 0x2335, 0x857B, 0xDF7F, 0xEF5E, 0xE73D, 0xE75D,
 0xE75D, 0xDF3C, 0xDF3C, 0xD71E, 0x9DDB, 0x22F2, 0x0A94, 0x0AD6, 0x0AD5, 0x3BF7, 0xAEBF, 0xD75F, 0xD73E, 0xD6FD, 0xCEFE, 0xBF1F,
 0x6D3B, 0x12F5, 0x02D7, 0x0AD7, 0x1AD5, 0x11AD, 0x530F, 0xDF3D, 0xFFFF, 0xFFFF, 0xFFFF, 0xFFFF, 0xFFFF, 0xFFFF, 0xFFFF, 0xF79F,
 0x9D16, 0x196A, 0x2AB1, 0x22F4, 0x12D5, 0x0A95, 0x0A94, 0x12B4, 0x1292, 0x1A72, 0x1A71, 0x11AE, 0x00CA, 0x11EE, 0x2230, 0x1A30,
 0x2AB1, 0x959C, 0xBEBF, 0xC6DF, 0xB6BE, 0x753A, 0x2356, 0x0AD6, 0x02D7, 0x02D8, 0x02D7, 0x12F5, 0x5C99, 0xAE5D, 0xE75F, 0xE75E,
 0xE73D, 0xEF5D, 0xEF5C, 0xDF1C, 0xD73E, 0x95BB, 0x1AD2, 0x0AB4, 0x0AD6, 0x0AF6, 0x12D4, 0x6498, 0xBEFF, 0xCF3F, 0xD73E, 0xCEFE,
 0xC73F, 0x967F, 0x2B96, 0x0AD6, 0x12F6, 0x22D4, 0x19AC, 0xA578, 0xFFFF, 0xFFFF, 0xFFFF, 0xFFFF, 0xFFFF, 0xFFFF, 0xFFFF, 0xFFFF,
 0xFFFF, 0xE73D, 0x63B2, 0x1A0E, 0x22D3, 0x1B36, 0x1AF6, 0x01D1, 0x016E, 0x0A31, 0x1272, 0x1A72, 0x11EF, 0x0089, 0x092B, 0x1A0F,
 0x2251, 0x1A72, 0x2B15, 0x43D7, 0x43D7, 0x3BB6, 0x2335, 0x12F6, 0x0AF7, 0x02D7, 0x02D8, 0x02D8, 0x0AF7, 0x2336, 0x5C78, 0xC6FF,
 0xE77F, 0xE75D, 0xEF5D, 0xEF3C, 0xDF1D, 0xCF1F, 0x95DD, 0x12B3, 0x0295, 0x02B7, 0x02D7, 0x0AD5, 0x2335, 0x4C18, 0x8DDD, 0xAE9F,
 0xB6BF, 0xB6FF, 0x759C, 0x1B36, 0x0AD6, 0x12F6, 0x22B3, 0x116B, 0xAD77, 0xFFFF, 0xFFFF, 0xFFFF, 0xFFFF, 0xFFFF, 0xFFFF, 0xFFFF,
 0xFFFF, 0xFFDF, 0xFFFF, 0xE79F, 0x3B10, 0x124F, 0x2B55, 0x2316, 0x096F, 0x4334, 0x3314, 0x1252, 0x1AB3, 0x09CF, 0x010B, 0x00CA,
 0x00EA, 0x118E, 0x1A73, 0x0A74, 0x0274, 0x0274, 0x0295, 0x0AD6, 0x0AD7, 0x02B7, 0x02D7, 0x02D7, 0x02F8, 0x02F8, 0x12F7, 0x3396,
 0x6C97, 0xBE7C, 0xE77F, 0xEF3D, 0xE71C, 0xDF3E, 0xC6FF, 0x64B9, 0x0A73, 0x0295, 0x0297, 0x02B7, 0x02D7, 0x12F6, 0x0A94, 0x1B15,
 0x3376, 0x5459, 0x4C59, 0x2336, 0x0AD5, 0x1317, 0x2337, 0x22B3, 0x114A, 0xA577, 0xFFFF, 0xFFFF, 0xFFFF, 0xFFFF, 0xFFFF, 0xFFFF,
 0xFFFF, 0xFFFF, 0xFFFF, 0xFFFF, 0xF7FF, 0x9D99, 0x19ED, 0x3354, 0x2335, 0x1A73, 0x4396, 0x2AF3, 0x0A11, 0x1272, 0x1A92, 0x2A90,
 0x3290, 0x220E, 0x00CA, 0x1A73, 0x1AB5, 0x0AB6, 0x0A96, 0x0AB6, 0x0AD7, 0x0AB7, 0x02B7, 0x0AD7, 0x0AF7, 0x0AF7, 0x0AD7, 0x12D6,
 0x2B14, 0x3B52, 0x9D99, 0xEF7F, 0xE73D, 0xE77E, 0xBE7C, 0x6C76, 0x2291, 0x1294, 0x0296, 0x0276, 0x0296, 0x02B7, 0x0AD7, 0x0AF8,
 0x0296, 0x0274, 0x0A94, 0x0A94, 0x12D5, 0x1316, 0x1AF6, 0x22F4, 0x1A0F, 0x08E7, 0xA577, 0xFFFF, 0xFFFF, 0xFFFF, 0xFFFF, 0xFFFF,
 0xFFFF, 0xFFFF, 0xFFFF, 0xFFFF, 0xFFFF, 0xFFFF, 0xD71D, 0x1969, 0x1A0E, 0x43D7, 0x2B56, 0x018F, 0x1231, 0x22D3, 0x2271, 0x1A0F,
 0x220D, 0x2A4E, 0x222D, 0x222F, 0x2AD3, 0x22B4, 0x1AB4, 0x1294, 0x12B5, 0x12B5, 0x0A96, 0x0AB6, 0x0AD6, 0x12D5, 0x1293, 0x43B7,
 0x6CFB, 0x855B, 0x9DDA, 0xCEBD, 0xEF7E, 0xE73D, 0xE75F, 0x9D78, 0x32AF, 0x1230, 0x1AB4, 0x0AB5, 0x0295, 0x0A95, 0x0AB5, 0x12F7,
 0x1317, 0x0AF7, 0x12D6, 0x0AB5, 0x12D6, 0x12F6, 0x2336, 0x22D3, 0x11EE, 0x220C, 0x6BF2, 0xCEDC, 0xFFFF, 0xFFFF, 0xFFFF, 0xFFFF,
 0xFFFF, 0xFFFF, 0xFFFF, 0xFFFF, 0xF7FF, 0xFFFF, 0xFFFF, 0xFFFF, 0x8474, 0x112A, 0x3334, 0x3398, 0x2336, 0x2336, 0x43B7, 0x3AF2,
 0x114A, 0x1108, 0x1108, 0x196A, 0x328F, 0x224F, 0x11EE, 0x2270, 0x1230, 0x11EF, 0x1211, 0x1232, 0x1274, 0x1AB4, 0x2B34, 0x6C98,
 0xA61D, 0xD75F, 0xDF9F, 0xE7BF, 0xEF9E, 0xF79E, 0xEF7E, 0xE77F, 0x9D38, 0x328F, 0x1A2F, 0x1231, 0x1272, 0x12B3, 0x1AD3, 0x1AB3,
 0x1AD4, 0x1B16, 0x1B16, 0x1AF5, 0x22F5, 0x1AD5, 0x1293, 0x1231, 0x1A2E, 0x19AA, 0x6BD1, 0xDF5E, 0xFFFF, 0xFFFF, 0xFFFF, 0xFFFF,
 0xFFFF, 0xFFFF, 0xFFFF, 0xFFFF, 0xFFFF, 0xFFFF, 0xFFFF, 0xFFFF, 0xFFFF, 0xDF5E, 0x3AAE, 0x224F, 0x43F8, 0x2B98, 0x2B77, 0x4396,
 0x7497, 0x9D79, 0x9D37, 0x9D17, 0x8474, 0x21CA, 0x0908, 0x0949, 0x1169, 0x00A7, 0x0087, 0x00E9, 0x098D, 0x2270, 0x2AB0, 0x5BF4,
 0xAE3C, 0xBE7C, 0xBE3A, 0xC65A, 0xC659, 0xC638, 0xCE38, 0xC639, 0xBE39, 0x9516, 0x2A0B, 0x118A, 0x096A, 0x096B, 0x2290, 0x2AB1,
 0x2250, 0x018D, 0x11F0, 0x2AD3, 0x2A92, 0x010C, 0x00EB, 0x0088, 0x0087, 0x8CB6, 0xAD98, 0xCE9B, 0xFFFF, 0xFFFF, 0xFFFF, 0xFFFF,
 0xFFFF, 0xFFFF, 0xFFFF, 0xFFFF, 0xFFFF, 0xFFFF, 0xFFFF, 0xFFFF, 0xFFFF, 0xEF9D, 0x9D35, 0x532F, 0x2A4E, 0x32F2, 0x3397, 0x3B97,
 0x2270, 0x6C55, 0xD71F, 0xE79F, 0xE73E, 0xE75E, 0xADB8, 0x5B4E, 0x29A8, 0x5B2E, 0x5B6F, 0x08E7, 0x00C7, 0x0907, 0x00A6, 0x0907,
 0x29C9, 0x530E, 0x6B8F, 0x6B8E, 0x6B6E, 0x6B6D, 0x736D, 0x6B6D, 0x634D, 0x5B2D, 0x52ED, 0x428B, 0x426B, 0x3A6C, 0x3A6C, 0x42CE,
 0x198A, 0x0066, 0x0066, 0x00A8, 0x0887, 0x216B, 0x7C35, 0x9D18, 0xA558, 0xB598, 0xF7DF, 0xFFFF, 0xFFFF, 0xFFFF, 0xFFFF, 0xFFFF,
 0xFFFF, 0xFFFF, 0xFFFF, 0xFFFF, 0xFFFF, 0xFFFF, 0xFFFF, 0xFFFF, 0xFFFF, 0xEF5C, 0x9491, 0x73AF, 0xA5B8, 0x6C13, 0x220D, 0x3314,
 0x3354, 0x1A0E, 0x3AAE, 0x9D36, 0xA556, 0xA576, 0xCEBB, 0xE75E, 0xBE19, 0x5B2D, 0x9D15, 0xDF3E, 0xA598, 0x6BB1, 0x42AC, 0x3A2A,
 0x424B, 0x52CC, 0xAD97, 0xDEFC, 0xD6DB, 0xDEDB, 0xDEBA, 0xDEBA, 0xDEBA, 0xDEDB, 0xD6BA, 0xD69A, 0xDEDB, 0xD6BB, 0xD6BB, 0xCEBC,
 0xD6FD, 0x94F5, 0x52ED, 0x530E, 0x5B2F, 0x6370, 0x9D17, 0xF7DF, 0xFFFF, 0xFFFF, 0xFFFF, 0xFFFF, 0xFFFF, 0xFFFF, 0xFFFF, 0xFFFF,
 0xFFFF, 0xFFFF, 0xFFDF, 0xFFFF, 0xFFFF, 0xFFFF, 0xFFFF, 0xFFFF, 0xFFFF, 0xF79E, 0x9471, 0x8C50, 0xDEDB, 0xD6FD, 0xBE5B, 0x42EF,
 0x222E, 0x4332, 0x328E, 0x31EA, 0x426A, 0x4249, 0x52CB, 0x73CF, 0xBE18, 0xE77E, 0xA535, 0x634D, 0xCEBB, 0xF7FF, 0xEF7E, 0xEF9E,
 0xEF9E, 0xEF9E, 0xF79E, 0xFFDF, 0xFFFF, 0xFFFF, 0xFFFF, 0xFFFF, 0xFFFF, 0xFFFF, 0xFFFF, 0xFFFF, 0xFFFF, 0xFFFF, 0xFFFF, 0xFFFF,
 0xFFFF, 0xFFFF, 0xFFDF, 0xEF9E, 0xEF9E, 0xF7BF, 0xF7DF, 0xF7FF, 0xF7FF, 0xFFFF, 0xFFFF, 0xFFFF, 0xFFFF, 0xFFFF, 0xFFFF, 0xFFFF,
 0xFFFF, 0xFFFF, 0xFFFF, 0xFFFF, 0xFFFF, 0xFFFF, 0xFFFF, 0xFFFF, 0xFFFF, 0xFFDF, 0xA4F3, 0x8C30, 0xD679, 0xF7BE, 0xA535, 0x6B6E,
 0x8CD5, 0x6C34, 0x42EF, 0x7C53, 0xD6FC, 0xE73D, 0xE73C, 0xE73C, 0xBE18, 0x4249, 0xBDF8, 0xC659, 0x634D, 0xA514, 0xFFDF, 0xFFFF,
 0xFFFF, 0xFFFF, 0xFFFF, 0xFFFF, 0xFFFF, 0xFFFF, 0xFFFF, 0xFFFF, 0xFFFF, 0xFFFF, 0xFFFF, 0xFFFF, 0xFFFF, 0xFFFF, 0xFFFF, 0xFFFF,
 0xFFFF, 0xFFFF, 0xFFFF, 0xFFFF, 0xFFFF, 0xFFFF, 0xFFFF, 0xFFFF, 0xFFFF, 0xFFFF, 0xFFFF, 0xFFFF, 0xFFFF, 0xFFFF, 0xFFFF, 0xFFFF,
 0xFFFF, 0xFFFF, 0xFFFF, 0xFFFF, 0xFFFF, 0xFFFF, 0xFFFF, 0xFFFF, 0xFFFF, 0xFFFF, 0xEF9E, 0x632C, 0xA4F4, 0xFFDF, 0xBD96, 0x8410,
 0xBE18, 0xF7DF, 0xE79F, 0xCEFC, 0xEF9E, 0xFFFF, 0xFFFF, 0xFFFF, 0xFFFF, 0xFFDF, 0xA514, 0x8431, 0xD69A, 0xAD55, 0x630C, 0xD6BA,
 0xFFDE, 0xFFDF, 0xFFFF, 0xFFFF, 0xFFFF, 0xFFFF, 0xFFFF, 0xFFFF, 0xFFFF, 0xFFFF, 0xFFFF, 0xFFFF, 0xFFFF, 0xFFFF, 0xFFFF, 0xFFFF,
 0xFFFF, 0xFFFF, 0xFFFF, 0xFFFF, 0xFFFF, 0xFFFF, 0xFFFF, 0xFFFF, 0xFFFF, 0xFFFF, 0xFFFF, 0xFFFF, 0xFFFF, 0xFFFF, 0xFFFF, 0xFFFF,
 0xFFFF, 0xFFFF, 0xFFFF, 0xFFFF, 0xFFFF, 0xFFFF, 0xFFFF, 0xFFFF, 0xFFFF, 0xFFFF, 0xFFFF, 0xEF7D, 0x6B6D, 0xAD55, 0xBDB6, 0x7BAE,
 0xCE38, 0xFFFF, 0xFFFF, 0xFFFF, 0xFFFF, 0xFFFF, 0xFFFF, 0xFFFF, 0xFFFF, 0xFFFF, 0xFFFF, 0xFFFF, 0xB5B6, 0x7BCF, 0xBDD7, 0x8C51,
 0x5AEB, 0xBDD6, 0xFFDF, 0xFFFF, 0xFFFF, 0xFFFF, 0xFFFF, 0xFFFF, 0xFFFF, 0xFFFF, 0xFFFF, 0xFFFF, 0xFFFF, 0xFFFF, 0xFFFF, 0xFFFF,
 0xFFFF, 0xFFFF, 0xFFFF, 0xFFFF, 0xFFFF, 0xFFFF, 0xFFFF, 0xFFFF, 0xFFFF, 0xFFFF, 0xFFFF, 0xFFFF, 0xFFDF, 0xFFFF, 0xFFFF, 0xFFFF,
 0xFFFF, 0xFFFF, 0xFFFF, 0xFFFF, 0xFFFF, 0xFFFF, 0xFFFF, 0xFFFF, 0xFFFF, 0xFFFF, 0xFFFF, 0xFFFF, 0xBDF7, 0x632C, 0xAD75, 0x6B4D,
 0xBDF8, 0xFFFF, 0xFFFF, 0xFFFF, 0xFFFF, 0xFFFF, 0xFFFF, 0xFFFF, 0xFFFF, 0xFFFF, 0xFFFF, 0xFFFF, 0xFFFF, 0xF79E, 0xAD96, 0x8C71,
 0xA514, 0x7C10, 0x73CF, 0xA514, 0xF7BE, 0xFFFF, 0xFFFF, 0xFFFF, 0xFFFF, 0xFFFF, 0xFFFF, 0xFFFF, 0xFFFF, 0xFFFF, 0xFFFF, 0xFFFF,
 0xFFFF, 0xFFFF, 0xFFFF, 0xFFFF, 0xFFFF, 0xFFFF, 0xFFFF, 0xFFFF, 0xFFFF, 0xFFFF, 0xFFFF, 0xFFFF, 0xFFFF, 0xFFFF, 0xFFFF, 0xFFFF,
 0xFFFF, 0xFFFF, 0xFFFF, 0xFFFF, 0xFFFF, 0xFFFF, 0xFFFF, 0xFFFF, 0xFFFF, 0xFFFF, 0xFFFF, 0xFFFF, 0xBE17, 0x634D, 0x9D34, 0x8431,
 0x52CB, 0xE71C, 0xFFFF, 0xFFFF, 0xFFFF, 0xFFFF, 0xFFFF, 0xFFFF, 0xFFFF, 0xFFFF, 0xFFFF, 0xFFFF, 0xFFFF, 0xFFFF, 0xFFFF, 0xFFFF,
 0xC659, 0x8410, 0x8430, 0x632D, 0x8451, 0xF7BF, 0xFFFF, 0xFFFF, 0xFFFF, 0xFFFF, 0xFFFF, 0xFFFF, 0xFFFF, 0xFFFF, 0xFFFF, 0xFFFF,
 0xFFFF, 0xFFFF, 0xFFFF, 0xFFFF, 0xFFFF, 0xFFFF, 0xFFFF, 0xFFFF, 0xFFFF, 0xFFFF, 0xFFFF, 0xFFFF, 0xFFFF, 0xFFFF, 0xFFFF, 0xFFFF,
 0xFFFF, 0xFFFF, 0xFFFF, 0xFFFF, 0xFFFF, 0xFFFF, 0xFFFF, 0xFFFF, 0xFFFF, 0xFFFF, 0xFFFF, 0xFFFF, 0xFFFF, 0xBDD6, 0x6B8D, 0x94D3,
 0x8C92, 0xDF1C, 0xFFFF, 0xFFFF, 0xFFFF, 0xFFFF, 0xFFFF, 0xFFFF, 0xFFFF, 0xFFFF, 0xFFFF, 0xFFFF, 0xFFFF, 0xFFFF, 0xFFFF, 0xFFFF,
 0xFFFF, 0xFFFF, 0xCE79, 0xA514, 0xA555, 0xE71C, 0xFFFF, 0xFFDF, 0xFFFF, 0xFFFF, 0xFFFF, 0xFFFF, 0xFFFF, 0xFFFF, 0xFFFF, 0xFFFF,
 0xFFFF, 0xFFFF, 0xFFFF, 0xFFFF, 0xFFFF, 0xFFFF, 0xFFFF, 0xFFFF, 0xFFFF, 0xFFFF, 0xFFFF, 0xFFFF, 0xFFFF, 0xFFFF, 0xFFFF, 0xFFFF,
 0xFFFF, 0xFFFF, 0xFFFF, 0xFFFF, 0xFFFF, 0xFFFF, 0xFFFF, 0xFFFF, 0xFFFF, 0xFFFF, 0xFFFF, 0xFFFF, 0xFFFF, 0xFFFF, 0xFFFF, 0xA514,
 0x73AE, 0xE73C, 0xFFFF, 0xFFFF, 0xFFFF, 0xFFFF, 0xFFFF, 0xFFFF, 0xFFFF, 0xFFFF, 0xFFFF, 0xFFFF, 0xFFFF, 0xFFFF, 0xFFFF, 0xFFDF,
 0xFFDF, 0xFFFF, 0xFFFF, 0xFFFF, 0xFFFF, 0xFFFF, 0xFFFF, 0xFFFF, 0xFFFF, 0xFFFF, 0xFFFF, 0xFFFF, 0xFFFF, 0xFFFF, 0xFFFF, 0xFFFF,
 0xFFFF, 0xFFFF, 0xFFFF, 0xFFFF, 0xFFFF, 0xFFFF, 0xFFFF, 0xFFFF, 0xFFFF, 0xFFFF, 0xFFFF, 0xFFFF, 0xFFFF, 0xFFFF, 0xFFFF, 0xFFFF,
 0xFFFF, 0xFFFF, 0xFFFF, 0xFFFF, 0xFFFF, 0xFFFF, 0xFFFF, 0xFFFF, 0xFFFF, 0xFFFF, 0xFFFF,
};



const unsigned short bevoS[] = {
 0xFFFF, 0xFFFF, 0xFFFF, 0xFFFF, 0xFFDF, 0xFFFF, 0xFFFF, 0xFFFF, 0xFFFF, 0xFFFF, 0xFFFF, 0xFFFF, 0xFFFF, 0xFFFF, 0xFFFF, 0xFFFF,
 0xFFFF, 0xFFFF, 0xFFFF, 0xFFFF, 0xFFFF, 0xFFFF, 0xFFFF, 0xFFFF, 0xFFFF, 0xFFFF, 0xFFDF, 0xA556, 0x5AEC, 0x6B8F, 0xD6DB, 0xFFDF,
 0xFFDF, 0xFFFF, 0xFFFF, 0xFFFF, 0xFFFF, 0xFFFF, 0xFFFF, 0xFFFF, 0xFFFF, 0xFFFF, 0xFFFF, 0xFFFF, 0xFFFF, 0xFFFF, 0xFFFF, 0xFFFF,
 0xFFFF, 0xFFFF, 0xFFFF, 0xFFFF, 0xFFDF, 0xF79F, 0xF79E, 0xEF7D, 0xEF7D, 0xFFBE, 0xFFFF, 0xFFFF, 0xFFFF, 0xFFFF, 0xFFFF, 0xFFFF,
 0xFFFF, 0xFFFF, 0xFFFF, 0xFFFF, 0xFFFF, 0xFFFF, 0xFFFF, 0xFFFF, 0xFFFF, 0xFFFF, 0xFFFF, 0xFFFF, 0xFFFF, 0xFFFF, 0xFFFF, 0xFFFF,
 0xFFFF, 0xFFFF, 0xFFFF, 0xFFFF, 0xFFFF, 0xFFFF, 0xFFFF, 0xFFFF, 0xFFFF, 0xFFFF, 0xE73D, 0x738F, 0x4AAC, 0x2188, 0x1967, 0x3A2A,
 0x52AB, 0x9CD3, 0xFFFF, 0xFFFF, 0xFFFF, 0xFFFF, 0xFFFF, 0xFFFF, 0xFFFF, 0xFFFF, 0xFFFF, 0xFFFF, 0xFFFF, 0xFFFF, 0xFFFF, 0xFFFF,
 0xFFFF, 0xFFFF, 0xFFFF, 0xFFFF, 0xFFFF, 0xEF5E, 0x7BD0, 0x4A6A, 0x634D, 0x5B0C, 0x6B4D, 0xCE59, 0xFFFF, 0xFFFF, 0xFFFF, 0xFFFF,
 0xFFFF, 0xFFFF, 0xFFFF, 0xFFFF, 0xFFFF, 0xFFDF, 0xFFFF, 0xFFFF, 0xFFFF, 0xFFFF, 0xFFFF, 0xFFFF, 0xFFFF, 0xFFFF, 0xFFFF, 0xFFFF,
 0xFFFF, 0xFFDF, 0xFFFF, 0xFFFF, 0xFFFF, 0xFFFF, 0xFFFF, 0xFFFF, 0xFFFF, 0xFFFF, 0xFFFF, 0xE73D, 0x5AED, 0x3A6C, 0x3A6D, 0x326D,
 0x00A5, 0x0002, 0x632D, 0xFFFF, 0xFFFF, 0xFFFF, 0xFFFF, 0xFFFF, 0xFFFF, 0xFFFF, 0xFFFF, 0xFFFF, 0xFFFF, 0xFFFF, 0xFFFF, 0xFFFF,
 0xFFFF, 0xFFFF, 0xFFFF, 0xFFFF, 0xFFFF, 0xFFFF, 0xDEFD, 0x3A09, 0x08A4, 0x29C8, 0x1906, 0x0002, 0x5ACC, 0xF7BF, 0xFFFF, 0xFFFF,
 0xFFFF, 0xFFFF, 0xFFFF, 0xFFFF, 0xFFFF, 0xFFFF, 0xFFFF, 0xFFFF, 0xFFFF, 0xFFFF, 0xFFFF, 0xFFFF, 0xFFFF, 0xFFFF, 0xF7DF, 0xAD76,
 0x9493, 0xCE9C, 0xF7DF, 0xFFFF, 0xFFFF, 0xFFDF, 0xFFFF, 0xFFFF, 0xFFFF, 0xFFFF, 0xFFFF, 0xFFFF, 0xFFFF, 0xC69C, 0x29EB, 0x00E8,
 0x19ED, 0x220D, 0x1108, 0x7C12, 0xFFFF, 0xFFFF, 0xFFFF, 0xFFFF, 0xFFFF, 0xFFFF, 0xFFFF, 0xFFFF, 0xFFFF, 0xFFFF, 0xFFFF, 0xFFFF,
 0xFFFF, 0xFFFF, 0xFFFF, 0xFFFF, 0xFFFF, 0xFFFF, 0xFFFF, 0xFFFF, 0x8C74, 0x1948, 0x42AE, 0x3A4D, 0x10E6, 0x420A, 0xEF9E, 0xFFFF,
 0xFFFF, 0xFFFF, 0xFFFF, 0xFFFF, 0xFFFF, 0xFFFF, 0xFFFF, 0xFFFF, 0xFFFF, 0xFFFF, 0xFFFF, 0xFFFF, 0xE75D, 0x8C92, 0x8473, 0x7C32,
 0x2968, 0x18E5, 0x39EB, 0x8C94, 0xC65A, 0xF7DF, 0xFFDF, 0xFFFF, 0xFFFF, 0xFFFF, 0xFFFF, 0xFFFF, 0xFFFF, 0xF7FF, 0xA5B9, 0x198A,
 0x11EE, 0x2271, 0x32D2, 0x1109, 0x6350, 0xFFFF, 0xFFFF, 0xFFFF, 0xFFFF, 0xFFFF, 0xFFFF, 0xFFFF, 0xFFFF, 0xFFFF, 0xFFFF, 0xFFFF,
 0xFFFF, 0xFFFF, 0xFFFF, 0xFFFF, 0xFFFF, 0xFFFF, 0xFFFF, 0xF7DF, 0xFFDF, 0x8454, 0x08E7, 0x5BF5, 0x5B94, 0x21AB, 0x31CA, 0xC67B,
 0xFFFF, 0xFFFF, 0xFFFF, 0xFFFF, 0xFFFF, 0xFFFF, 0xFFFF, 0xFFFF, 0xFFFF, 0xFFFF, 0xFFFF, 0xFFFF, 0xF7DF, 0xAD97, 0x31E9, 0x2188,
 0x320B, 0x8CD7, 0x6C14, 0x198A, 0x1127, 0x424B, 0xDEFC, 0xFFFF, 0xFFDF, 0xFFFF, 0xFFFF, 0xFFFF, 0xFFFF, 0xD6DB, 0x73D0, 0x322C,
 0x118B, 0x2AB2, 0x22B4, 0x2AB3, 0x090A, 0x5AF0, 0xF7DF, 0xFFDF, 0xFFFF, 0xFFFF, 0xFFFF, 0xFFFF, 0xFFFF, 0xFFFF, 0xFFFF, 0xFFFF,
 0xFFFF, 0xFFFF, 0xFFFF, 0xFFFF, 0xFFFF, 0xFFFF, 0xFFFF, 0xFFFF, 0xA556, 0x5AED, 0x3A0B, 0x116A, 0x2250, 0x3AF2, 0x3AB0, 0x0086,
 0x5B2F, 0xF7DF, 0xFFFF, 0xFFFF, 0xFFFF, 0xFFFF, 0xFFFF, 0xFFFF, 0xFFFF, 0xFFFF, 0xFFFF, 0xFFFF, 0xFFFF, 0xDF1C, 0x426A, 0x9D78,
 0xA5DA, 0x84D7, 0xA61D, 0x5BD5, 0x32D1, 0x19EC, 0x0064, 0xC65A, 0xFFFF, 0xFFFF, 0xFFFF, 0xFFFF, 0xFFFF, 0xFFDF, 0x6B6F, 0x0884,
 0x1108, 0x19CD, 0x1AB3, 0x12B5, 0x22D4, 0x11AE, 0x29CB, 0xB5F9, 0xFFFF, 0xFFFF, 0xFFFF, 0xFFFF, 0xFFFF, 0xFFFF, 0xFFFF, 0xFFFF,
 0xFFFF, 0xFFFF, 0xFFFF, 0xFFFF, 0xFFFF, 0xFFFF, 0xFFFF, 0xFFFF, 0xFFFF, 0x9472, 0x1084, 0x2148, 0x092A, 0x010A, 0x2A71, 0x32B2,
 0x08C9, 0x52AD, 0xEF9E, 0xFFFF, 0xFFFF, 0xFFFF, 0xFFFF, 0xFFFF, 0xFFFF, 0xFFFF, 0xFFFF, 0xFFFF, 0xFFFF, 0xFFFF, 0xD71C, 0x2168,
 0x7CB6, 0xAE7F, 0x7D3B, 0x751B, 0x4BF7, 0x22D2, 0x09CD, 0x1129, 0x6BD1, 0xE77E, 0xFFFF, 0xFFFF, 0xFFFF, 0xFFFF, 0xFFDF, 0x9D15,
 0x3A2B, 0x198B, 0x11CE, 0x1AD4, 0x0AB5, 0x1294, 0x2272, 0x00C8, 0x7C32, 0xFFFF, 0xFFFF, 0xFFFF, 0xFFFF, 0xFFFF, 0xFFFF, 0xFFFF,
 0xFFFF, 0xFFFF, 0xFFFF, 0xFFFF, 0xFFFF, 0xFFFF, 0xFFFF, 0xFFFF, 0xFFFF, 0xFFFF, 0xF77E, 0x7BD1, 0x1908, 0x21AB, 0x012A, 0x2251,
 0x32D3, 0x114C, 0x4AAD, 0xEF7E, 0xFFFF, 0xFFFF, 0xFFFF, 0xFFFF, 0xFFFF, 0xFFFF, 0xFFFF, 0xFFDF, 0xFFFF, 0xFFFF, 0xFFFF, 0xEF9F,
 0x63D2, 0x3AD0, 0x53F7, 0x3B76, 0x22D4, 0x22F5, 0x1273, 0x09EF, 0x19CD, 0x1969, 0x7C53, 0xF7DF, 0xFFFF, 0xFFFF, 0xFFDF, 0xFFFF,
 0xE73D, 0x424C, 0x116A, 0x11CE, 0x1AF5, 0x12F7, 0x12B5, 0x22B4, 0x08CA, 0x73F2, 0xFFFF, 0xFFFF, 0xFFFF, 0xFFFF, 0xFFFF, 0xFFFF,
 0xFFDF, 0xFFFF, 0xFFFF, 0xFFFF, 0xFFFF, 0xFFFF, 0xFFFF, 0xFFFF, 0xFFFF, 0xFFFF, 0xFFFF, 0xFFFF, 0x9D35, 0x0907, 0x114A, 0x014B,
 0x2272, 0x2AF4, 0x11AE, 0x4B0F, 0xEF9E, 0xFFFF, 0xFFFF, 0xFFFF, 0xFFFF, 0xFFFF, 0xFFFF, 0xFFFF, 0xFFFF, 0xFFFF, 0xFFFF, 0xFFFF,
 0xF7DF, 0x7C75, 0x19EE, 0x2AF4, 0x1AB4, 0x1AB5, 0x1A94, 0x0A12, 0x09D0, 0x1A10, 0x21ED, 0x1128, 0x8473, 0xEF5D, 0xFFFF, 0xFFFF,
 0xFFFF, 0xE75E, 0x322B, 0x0949, 0x018D, 0x1293, 0x12D6, 0x12B6, 0x22B4, 0x00AA, 0x6BD2, 0xF7FF, 0xFFFF, 0xFFFF, 0xFFFF, 0xFFDF,
 0xFFDF, 0xFFDF, 0xFFFF, 0xFFFF, 0xFFFF, 0xFFFF, 0xFFFF, 0xFFDF, 0xFFFF, 0xFFFF, 0xFFFF, 0xFFFF, 0xFFFF, 0xC65A, 0x2A0B, 0x012A,
 0x120F, 0x1AB4, 0x22F4, 0x09AD, 0x21AA, 0xC67A, 0xFFFF, 0xFFFF, 0xFFFF, 0xFFFF, 0xFFFF, 0xFFFF, 0xFFFF, 0xFFFF, 0xFFFF, 0xFFFF,
 0xFFFF, 0xF7DF, 0x7454, 0x11EE, 0x22F5, 0x1AD5, 0x1AB4, 0x09F1, 0x01B0, 0x09F0, 0x1211, 0x2250, 0x19CC, 0x1908, 0x4AAD, 0xC69B,
 0xFFFF, 0xFFFF, 0xDF3D, 0x326C, 0x11AB, 0x01AD, 0x1293, 0x12F6, 0x12D7, 0x1AD5, 0x096D, 0x5B71, 0xE7BF, 0xF7FF, 0xF7FF, 0xFFFF,
 0xFFFF, 0xFFFF, 0xFFFF, 0xFFFF, 0xFFFF, 0xFFFF, 0xFFFF, 0xFFFF, 0xFFFF, 0xFFFF, 0xFFFF, 0xFFFF, 0xFFFF, 0xFFFF, 0xDF3E, 0x426E,
 0x096B, 0x2B34, 0x1B15, 0x1AF5, 0x1271, 0x00E8, 0x94D5, 0xF7BF, 0xEF7E, 0xFFDF, 0xFFFF, 0xFFFF, 0xFFFF, 0xFFFF, 0xFFFF, 0xFFFF,
 0xFFFF, 0xFFFF, 0xF7DF, 0x7C74, 0x11CE, 0x22F5, 0x1AD5, 0x0A11, 0x00CB, 0x014D, 0x1231, 0x1211, 0x1231, 0x222F, 0x21AC, 0x1149,
 0x29CA, 0xA5B8, 0xE79F, 0xD73E, 0x2A4C, 0x098B, 0x120F, 0x1AF5, 0x0AD7, 0x0AD7, 0x12B6, 0x2AD3, 0x21CC, 0x94F5, 0xEFBF, 0xEFFF,
 0xC69B, 0xADB7, 0xAD97, 0xAD97, 0xAD77, 0xA577, 0xAD98, 0xA577, 0xC67A, 0xFFFF, 0xFFFF, 0xF7FF, 0xFFFF, 0xFFFF, 0xF7DF, 0xDF3E,
 0x3A2D, 0x092B, 0x2315, 0x12F6, 0x12F5, 0x1AB2, 0x08E8, 0x6370, 0xCE7B, 0x528B, 0xA536, 0xFFFF, 0xFFFF, 0xFFFF, 0xFFFF, 0xFFFF,
 0xFFFF, 0xFFFF, 0xFFFF, 0xF7DF, 0x8495, 0x11EF, 0x22B4, 0x22B5, 0x11F1, 0x4334, 0x4BB5, 0x1210, 0x1252, 0x1A52, 0x098E, 0x116C,
 0x2A6F, 0x116A, 0x1128, 0x428D, 0x5BD2, 0x11CB, 0x014B, 0x1231, 0x2317, 0x02B7, 0x02B7, 0x0A96, 0x2AF4, 0x118C, 0x10E7, 0x6390,
 0x9537, 0x3A4C, 0x10C6, 0x10E7, 0x1108, 0x1108, 0x1109, 0x114A, 0x1149, 0x3A8D, 0x9537, 0x9536, 0x9536, 0x9515, 0xA535, 0xE77F,
 0xCEBD, 0x29CB, 0x096D, 0x12F5, 0x0AF6, 0x12F6, 0x1AD2, 0x0109, 0x424C, 0x8454, 0x08A5, 0x52AC, 0xE73D, 0xFFFF, 0xFFFF, 0xFFFF,
 0xFFDF, 0xFFFF, 0xFFFF, 0xFFFF, 0xFFFF, 0x84B5, 0x098D, 0x22D5, 0x1A95, 0x1A53, 0x4B95, 0x4B94, 0x120F, 0x1251, 0x1A30, 0x012C,
 0x094C, 0x2270, 0x2A90, 0x11AC, 0x11AB, 0x09AB, 0x016B, 0x016D, 0x1A93, 0x1B17, 0x02D7, 0x02B7, 0x0296, 0x22F5, 0x11EE, 0x00A8,
 0x00E8, 0x092A, 0x116C, 0x11AC, 0x11AC, 0x11CD, 0x11EE, 0x11CE, 0x120F, 0x1A30, 0x19EE, 0x11AC, 0x118C, 0x198B, 0x1108, 0x10E6,
 0xADFA, 0x84B5, 0x0909, 0x1231, 0x12D6, 0x0AD7, 0x12F6, 0x1AB2, 0x222D, 0x3A4C, 0x1928, 0x31EB, 0x4AEE, 0xDF3D, 0xFFFF, 0xFFFF,
 0xFFFF, 0xFFFF, 0xFFFF, 0xFFFF, 0xFFFF, 0xFFFF, 0x94D6, 0x090B, 0x22D5, 0x1A95, 0x1A73, 0x098E, 0x222F, 0x222F, 0x1A4F, 0x2250,
 0x1A0F, 0x09AD, 0x1A0F, 0x2A70, 0x2AB0, 0x2AB0, 0x1A6F, 0x014C, 0x012D, 0x1AB4, 0x12F7, 0x02B7, 0x02B7, 0x02D6, 0x1AF5, 0x09AE,
 0x00EA, 0x11AE, 0x098E, 0x016E, 0x01AF, 0x01F0, 0x0210, 0x0A31, 0x0A52, 0x0A32, 0x0A32, 0x0A11, 0x09F0, 0x1210, 0x1A10, 0x1A0F,
 0x118B, 0x2A0D, 0x114A, 0x11AD, 0x22F5, 0x0AB6, 0x02B7, 0x1316, 0x1AB2, 0x3AD1, 0x6BF4, 0x198A, 0x2A0C, 0x4AEE, 0xE77E, 0xFFFF,
 0xFFFF, 0xFFFF, 0xFFFF, 0xFFFF, 0xFFFF, 0xFFFF, 0xFFFF, 0x9517, 0x096C, 0x22F5, 0x1AD6, 0x1AB4, 0x1A30, 0x3AF2, 0x4352, 0x4B52,
 0x42F1, 0x1A0D, 0x11ED, 0x1A0E, 0x32B0, 0x7D19, 0x3B33, 0x1A50, 0x09D0, 0x016F, 0x1AB5, 0x0AD7, 0x02D7, 0x02D7, 0x02D6, 0x0AD5,
 0x0A31, 0x016E, 0x01B0, 0x01B1, 0x0A12, 0x0A53, 0x0A93, 0x0AB4, 0x0AD5, 0x12F6, 0x0AB6, 0x0A95, 0x0275, 0x0213, 0x0213, 0x0212,
 0x0A11, 0x09CF, 0x00EB, 0x010C, 0x1231, 0x12B5, 0x0297, 0x02B7, 0x1B17, 0x22D3, 0x2A6F, 0x4B11, 0x2A2D, 0x2A2D, 0x42AD, 0xDF5E,
 0xFFFF, 0xFFFF, 0xFFFF, 0xFFFF, 0xFFFF, 0xFFFF, 0xF77D, 0xC638, 0x5B2F, 0x11AC, 0x2B14, 0x1AF5, 0x22D4, 0x3B54, 0x8D7A, 0xB67D,
 0xB67D, 0xA5BA, 0x5392, 0x220C, 0x220C, 0x5372, 0xAE3E, 0x4B74, 0x1230, 0x1232, 0x01F2, 0x2318, 0x0AD7, 0x02D8, 0x02B7, 0x02D7,
 0x02B5, 0x0A94, 0x0A53, 0x0A33, 0x1254, 0x1A95, 0x12B4, 0x0A93, 0x0A94, 0x0AB5, 0x12F7, 0x1318, 0x1318, 0x0AD7, 0x0AD7, 0x0AD6,
 0x0254, 0x0253, 0x0A32, 0x01D0, 0x09F1, 0x1294, 0x0AB6, 0x02B7, 0x02D8, 0x12F7, 0x22F5, 0x092B, 0x00A8, 0x328F, 0x21EB, 0x5B50,
 0xEF9F, 0xFFFF, 0xFFFF, 0xFFFF, 0xFFFF, 0xFFFF, 0xDEDA, 0x8C50, 0x6B4D, 0x6BD1, 0x21EC, 0x1A0F, 0x2AF4, 0x1A92, 0x5C16, 0xBEDF,
 0xD73F, 0xE75F, 0xE77F, 0xCEFE, 0x7433, 0x1968, 0x63D1, 0xC6FE, 0x6416, 0x1210, 0x0A32, 0x0254, 0x12D7, 0x0AD8, 0x02B8, 0x02B8,
 0x02B7, 0x02B6, 0x0275, 0x1295, 0x1275, 0x0A53, 0x1273, 0x1A72, 0x1292, 0x1273, 0x0A94, 0x0A95, 0x0AB6, 0x1318, 0x0B18, 0x02F7,
 0x02D7, 0x02D7, 0x0AF7, 0x0A74, 0x01D0, 0x0232, 0x0A95, 0x0295, 0x02B6, 0x02D8, 0x12D7, 0x2316, 0x09AE, 0x19AD, 0x21ED, 0x42EF,
 0xCEDD, 0xFFFF, 0xFFFF, 0xFFFF, 0xFFFF, 0xFFFF, 0xD6DB, 0x6B8E, 0x9CF3, 0xDEDB, 0xE77F, 0x7C55, 0x112B, 0x3B34, 0x32D2, 0x3B11,
 0x63D2, 0x5B2F, 0x94D6, 0xDF3E, 0xF7FF, 0xDF3E, 0x3A09, 0x4ACC, 0xBE9D, 0x5393, 0x11AE, 0x1253, 0x12F6, 0x0AF7, 0x02B7, 0x0297,
 0x02D7, 0x02B7, 0x02D6, 0x02B6, 0x0AB5, 0x1AD5, 0x3BB7, 0x5457, 0x6477, 0x6478, 0x5C78, 0x5478, 0x4438, 0x33D7, 0x1316, 0x0B17,
 0x02D7, 0x02F8, 0x02F8, 0x0AD7, 0x0AB6, 0x0254, 0x0254, 0x0296, 0x0295, 0x02B6, 0x02B7, 0x0AD7, 0x2317, 0x11F0, 0x224F, 0x19CC,
 0x5350, 0xE77F, 0xFFDF, 0xFFFF, 0xFFFF, 0xFFFF, 0xD6BA, 0x634D, 0xB5D7, 0xE75D, 0xD6DB, 0xBE19, 0x7C33, 0x1949, 0x21EC, 0x2A0D,
 0x322D, 0x21CA, 0x1128, 0x29EB, 0x5B70, 0x8CF5, 0xADD8, 0x9513, 0x6BCF, 0xCEFD, 0x63F3, 0x010B, 0x0A32, 0x1AF7, 0x0AD7, 0x02B7,
 0x0297, 0x02B7, 0x02D7, 0x02B6, 0x0AD6, 0x0A94, 0x3376, 0xA67F, 0xC71F, 0xC71E, 0xC6FF, 0xC6FF, 0xC71F, 0xBF3F, 0x8DFD, 0x1AF3,
 0x1316, 0x0B17, 0x02D7, 0x02D8, 0x02D7, 0x0AD7, 0x0AB6, 0x02B6, 0x0296, 0x0296, 0x02B6, 0x0297, 0x02B7, 0x1B18, 0x1252, 0x2A70,
 0x326E, 0x7C74, 0xFFDF, 0xFFFF, 0xFFFF, 0xFFFF, 0xEF9D, 0x8CB2, 0x632C, 0xEF9E, 0xDF3C, 0x7C10, 0x73CF, 0x9D35, 0xA556, 0x6BD1,
 0x4ACE, 0x2189, 0x1948, 0x326E, 0x32D0, 0x19EC, 0x00A5, 0x634E, 0xD71B, 0x4AAA, 0xC69A, 0xA5FA, 0x11CD, 0x1232, 0x1AD6, 0x0AB6,
 0x0296, 0x02B6, 0x02B7, 0x02B7, 0x02B6, 0x0AD6, 0x3377, 0x855B, 0xCEFF, 0xD71E, 0xD71C, 0xD71C, 0xD6FD, 0xDF1E, 0xDF5E, 0xBEFF,
 0x6CD9, 0x1B35, 0x0AF7, 0x02F7, 0x02F7, 0x0B17, 0x0AF6, 0x0AB6, 0x02B6, 0x02B6, 0x0296, 0x02B7, 0x0277, 0x0297, 0x12F8, 0x1A94,
 0x220F, 0x42CF, 0xBE1A, 0xFFFF, 0xFFFF, 0xFFFF, 0xFFFF, 0xCE9A, 0x5AEB, 0xB5D7, 0xE75D, 0x6B6D, 0x7BCF, 0xEF5D, 0xF7DF, 0xFFFF,
 0xEFBF, 0xDF3E, 0xC69C, 0x9537, 0x21CC, 0x222F, 0x4332, 0x21CB, 0x4ACD, 0xCEBC, 0x73AF, 0xB5B7, 0xDF3F, 0x8D59, 0x4374, 0x1AB3,
 0x0A94, 0x0AD6, 0x02B6, 0x02B7, 0x02B7, 0x0AD6, 0x12D4, 0x5478, 0xC73F, 0xDF3E, 0xE73D, 0xDF1C, 0xDF1C, 0xE71D, 0xE73C, 0xDF3C,
 0xD77F, 0xA69F, 0x3377, 0x02B6, 0x0AF8, 0x0AF7, 0x12F6, 0x2315, 0x2314, 0x12D4, 0x0AD4, 0x0AD5, 0x0AB6, 0x02B6, 0x02B7, 0x12F7,
 0x22D5, 0x11AE, 0x194A, 0xBE1A, 0xFFFF, 0xFFFF, 0xFFFF, 0xFFFF, 0xC618, 0x630C, 0xDEFB, 0xA4F4, 0x9CD3, 0xF79E, 0xFFFF, 0xFFFF,
 0xFFFF, 0xFFFF, 0xFFFF, 0xFFFF, 0xEFBF, 0x52F0, 0x198D, 0x3AB1, 0x21EE, 0x198B, 0xA579, 0xA537, 0x5ACD, 0xCE9B, 0xE77F, 0x8D5A,
 0x5C57, 0x2314, 0x0294, 0x02B6, 0x02B7, 0x02B7, 0x0AD6, 0x1AF4, 0x753A, 0xD75F, 0xE75E, 0xEF5C, 0xE73C, 0xE71C, 0xEF5D, 0xE73C,
 0xDF1C, 0xD75F, 0x95FD, 0x1B15, 0x0AD7, 0x0AF8, 0x0AB5, 0x2B55, 0x753B, 0x8DDC, 0x7D9B, 0x3395, 0x1292, 0x12D5, 0x02B5, 0x02B6,
 0x0AD6, 0x2316, 0x2231, 0x1909, 0xB61A, 0xFFFF, 0xFFFF, 0xFFFF, 0xD6BA, 0x73AF, 0xAD35, 0xB596, 0x9471, 0xDE9A, 0xFFFF, 0xFFFF,
 0xFFFF, 0xFFFF, 0xFFFF, 0xFFFF, 0xFFFF, 0xFFFF, 0xB63B, 0x196B, 0x118C, 0x2A50, 0x2A30, 0x322F, 0x7414, 0x8C74, 0x6B4E, 0x94B4,
 0xD75F, 0xB6FF, 0x5498, 0x0273, 0x02B6, 0x0297, 0x02B7, 0x0AD6, 0x2B55, 0x9E3E, 0xDF7F, 0xEF5D, 0xEF5C, 0xEF5C, 0xE73C, 0xE71D,
 0xE71C, 0xE73D, 0xCEFE, 0x6498, 0x12D4, 0x02F7, 0x0B17, 0x1B36, 0x64DA, 0xC73F, 0xD79F, 0xD77F, 0x857B, 0x2AD3, 0x1AB4, 0x0AB5,
 0x02B6, 0x0AD7, 0x1B16, 0x1A10, 0x192A, 0xBE5B, 0xFFFF, 0xFFFF, 0xD6BA, 0x738E, 0x9CF3, 0xB597, 0x83F0, 0xE6FB, 0xFFFF, 0xFFFF,
 0xFFFF, 0xFFFF, 0xFFFF, 0xFFFF, 0xFFFF, 0xFFFF, 0xFFFF, 0xEF9F, 0x530F, 0x094A, 0x2A91, 0x3314, 0x19F0, 0x3AB1, 0xA5BB, 0x5AEE,
 0x39E8, 0xCEFD, 0xC77F, 0x7DDC, 0x0AB3, 0x0295, 0x02B7, 0x02B7, 0x0AD7, 0x1AF4, 0x857B, 0xDF7F, 0xEF5D, 0xEF5C, 0xEF3C, 0xE73C,
 0xDF1C, 0xDEFC, 0xDF3D, 0xB65D, 0x2AF2, 0x12D5, 0x02F7, 0x02D6, 0x4439, 0xAEFF, 0xD79F, 0xDF7F, 0xDF7F, 0xCF3F, 0x9DDC, 0x3B95,
 0x12B4, 0x02B6, 0x02D7, 0x12F6, 0x11F0, 0x192A, 0xBE5A, 0xFFFF, 0xFFFF, 0xDEFB, 0x83F0, 0x6B6E, 0x9CB3, 0xDEDB, 0xFFDF, 0xFFFF,
 0xFFFF, 0xFFFF, 0xFFFF, 0xFFFF, 0xFFFF, 0xFFFF, 0xFFFF, 0xFFFF, 0xFFFF, 0xD71D, 0x4B2F, 0x09AC, 0x22F3, 0x3356, 0x1A71, 0x116C,
 0x4AF0, 0xA599, 0xC6FF, 0xAE9E, 0x5457, 0x0292, 0x02B5, 0x02B6, 0x02D7, 0x0AD7, 0x12B5, 0x6CFA, 0xD77F, 0xE77E, 0xEF5D, 0xF77D,
 0xE73C, 0xE73C, 0xDF1C, 0xDF3E, 0xAE5D, 0x2AF3, 0x0AB5, 0x02B7, 0x02D6, 0x33B7, 0xA6BF, 0xD79F, 0xDF5F, 0xDF3E, 0xDF5F, 0xD77F,
 0x8DBC, 0x12D4, 0x02B5, 0x02B7, 0x12F6, 0x1210, 0x322C, 0xCEBC, 0xFFFF, 0xFFFF, 0xFFFF, 0xDEFB, 0xAD75, 0xDEFB, 0xFFFF, 0xFFDF,
 0xFFFF, 0xFFFF, 0xFFFF, 0xFFFF, 0xFFFF, 0xFFFF, 0xFFFF, 0xFFFF, 0xFFFF, 0xFFFF, 0xFFFF, 0xD73D, 0x4371, 0x0A0E, 0x22F3, 0x22F4,
 0x1A71, 0x5C57, 0xA65E, 0x855B, 0x4BF7, 0x1292, 0x0A93, 0x0AD5, 0x02D6, 0x02D7, 0x02D7, 0x12D6, 0x3397, 0x9E1D, 0xDF7F, 0xE75D,
 0xEF5D, 0xEF3C, 0xDF1C, 0xDF1C, 0xD71E, 0xA63D, 0x22D3, 0x0AB5, 0x0AB7, 0x0AD6, 0x1AD4, 0x5C58, 0xAE9E, 0xD77F, 0xD75E, 0xDF5E,
 0xDFBF, 0xAEDF, 0x2334, 0x02B5, 0x02D6, 0x12F5, 0x120F, 0x7C33, 0xFFFF, 0xFFFF, 0xFFFF, 0xFFFF, 0xFFFF, 0xFFFF, 0xFFFF, 0xFFFF,
 0xFFFF, 0xFFFF, 0xFFFF, 0xFFFF, 0xFFFF, 0xFFFF, 0xFFFF, 0xFFFF, 0xFFFF, 0xFFFF, 0xFFFF, 0xFFFF, 0xF7FF, 0xD73E, 0x53B2, 0x018C,
 0x22F3, 0x2B35, 0x2B35, 0x3356, 0x1AB4, 0x0A52, 0x0A74, 0x0274, 0x0AB5, 0x0AD6, 0x02D7, 0x02D7, 0x0AD7, 0x12D5, 0x43D7, 0xAE5D,
 0xDF7F, 0xE73D, 0xE73D, 0xE73D, 0xDF1D, 0xD73F, 0xA67E, 0x2335, 0x0A96, 0x0AD7, 0x0AB6, 0x12B5, 0x1AD4, 0x3B75, 0x855B, 0xAE7E,
 0xC71F, 0xC75F, 0x963E, 0x1B15, 0x02B6, 0x0AB6, 0x1AF5, 0x11ED, 0x7C53, 0xFFFF, 0xFFFF, 0xFFFF, 0xFFFF, 0xFFFF, 0xFFFF, 0xFFFF,
 0xFFFF, 0xFFFF, 0xFFFF, 0xFFFF, 0xFFFF, 0xFFFF, 0xFFFF, 0xFFFF, 0xFFFF, 0xFFFF, 0xFFFF, 0xFFFF, 0xFFFF, 0xFFFF, 0xFFFF, 0xCEFD,
 0x3AEF, 0x226F, 0x2B14, 0x22F5, 0x1294, 0x0A95, 0x0A95, 0x0A95, 0x0A95, 0x0AB5, 0x0AD6, 0x02D7, 0x02D7, 0x0AF8, 0x12F6, 0x1AD3,
 0x4373, 0xB65B, 0xEF9F, 0xE73D, 0xE73E, 0xDF3F, 0xCF1F, 0x7D5B, 0x1AD4, 0x0A96, 0x0AD7, 0x0AB6, 0x0AB6, 0x0AB5, 0x0A94, 0x12B4,
 0x3355, 0x5C58, 0x64D9, 0x4C38, 0x0AB5, 0x0AD7, 0x0AD6, 0x1293, 0x098B, 0x84B5, 0xFFFF, 0xFFFF, 0xFFFF, 0xFFFF, 0xFFFF, 0xFFFF,
 0xFFFF, 0xFFFF, 0xFFFF, 0xFFFF, 0xFFFF, 0xFFFF, 0xFFFF, 0xFFFF, 0xFFFF, 0xFFFF, 0xFFFF, 0xFFFF, 0xFFFF, 0xFFFF, 0xFFFF, 0xFFFF,
 0xFFFF, 0xCEBC, 0x4B30, 0x094B, 0x1A92, 0x1AD4, 0x1294, 0x0A74, 0x0A74, 0x0A94, 0x0AB5, 0x0AD6, 0x0AD6, 0x1317, 0x12D5, 0x1AD4,
 0x2B13, 0x4372, 0xA5FA, 0xEF9F, 0xE73E, 0xE77F, 0xBE7D, 0x5BD4, 0x2AD2, 0x1AB4, 0x0AB5, 0x02B6, 0x02B6, 0x0AD6, 0x0AB6, 0x02B6,
 0x0295, 0x0A74, 0x1294, 0x1AB4, 0x22F6, 0x1AF7, 0x12D6, 0x2336, 0x2291, 0x0109, 0x84B4, 0xFFFF, 0xFFFF, 0xFFFF, 0xFFFF, 0xFFDF,
 0xFFFF, 0xFFFF, 0xFFFF, 0xFFFF, 0xFFFF, 0xFFFF, 0xFFFF, 0xFFFF, 0xFFFF, 0xFFFF, 0xFFFF, 0xFFFF, 0xFFFF, 0xFFFF, 0xFFFF, 0xFFDF,
 0xFFFF, 0xFFFF, 0xFFFF, 0xCEBC, 0x4ACF, 0x094A, 0x2A91, 0x22B3, 0x1A93, 0x1AB3, 0x1294, 0x12B4, 0x12D5, 0x12D5, 0x1AB3, 0x3B75,
 0x6457, 0x8539, 0xAE5C, 0xC6BD, 0xE75E, 0xE75E, 0xEF9F, 0x9537, 0x222F, 0x1A71, 0x1AB3, 0x12D5, 0x0AB5, 0x0AD5, 0x0AB5, 0x0AB5,
 0x0AB6, 0x0AB5, 0x0A95, 0x0A95, 0x1AD6, 0x1AF6, 0x2316, 0x1AD3, 0x1A90, 0x19CC, 0x42AE, 0xADD8, 0xFFFF, 0xFFFF, 0xFFFF, 0xFFFF,
 0xFFFF, 0xFFFF, 0xFFFF, 0xFFFF, 0xFFFF, 0xFFFF, 0xFFFF, 0xFFFF, 0xFFFF, 0xFFFF, 0xFFFF, 0xFFFF, 0xFFFF, 0xFFFF, 0xFFFF, 0xFFFF,
 0xFFFF, 0xFFFF, 0xFFFF, 0xFFFF, 0xFFFF, 0xCE5A, 0x428D, 0x00A7, 0x0909, 0x11EE, 0x1A70, 0x1230, 0x0A51, 0x0A51, 0x2B34, 0x6CB8,
 0xA5FC, 0xDF5F, 0xDF5E, 0xE79F, 0xEF9F, 0xEF9E, 0xF7BE, 0xF7FF, 0xA5D9, 0x32B0, 0x1A2F, 0x1251, 0x1293, 0x12B4, 0x1294, 0x12B4,
 0x1293, 0x12B4, 0x12B4, 0x12B4, 0x12B4, 0x12B4, 0x1AB3, 0x1A70, 0x1A2D, 0x19EA, 0x6390, 0xE73E, 0xFFDF, 0xFFFF, 0xFFFF, 0xFFFF,
 0xFFFF, 0xFFFF, 0xFFFF, 0xFFFF, 0xFFFF, 0xFFFF, 0xFFFF, 0xFFFF, 0xFFFF, 0xFFFF, 0xFFFF, 0xFFFF, 0xFFFF, 0xFFFF, 0xFFFF, 0xFFFF,
 0xFFFF, 0xFFFF, 0xFFFF, 0xFFFF, 0xFFFF, 0xFFFF, 0xFFFF, 0xD6DC, 0x73B0, 0x4A6C, 0x08E7, 0x0044, 0x00A7, 0x096B, 0x2A6F, 0x74D7,
 0xBE9C, 0xB61A, 0xBE19, 0xBE18, 0xC638, 0xC658, 0xC659, 0xC659, 0xC659, 0xA5B8, 0x328D, 0x0129, 0x098B, 0x11CD, 0x11CE, 0x1A0F,
 0x1A2F, 0x09AD, 0x09AD, 0x1A2F, 0x2270, 0x120E, 0x012A, 0x0066, 0x00A6, 0x84B4, 0xBE3A, 0xCEBB, 0xFFFF, 0xFFFF, 0xFFFF, 0xFFFF,
 0xFFFF, 0xFFFF, 0xFFFF, 0xFFFF, 0xFFFF, 0xFFFF, 0xFFFF, 0xFFFF, 0xFFFF, 0xFFFF, 0xFFFF, 0xFFFF, 0xFFFF, 0xFFFF, 0xFFFF, 0xFFFF,
 0xFFFF, 0xFFFF, 0xFFFF, 0xFFFF, 0xFFFF, 0xFFFF, 0xFFFF, 0xFFFF, 0xFFFF, 0xFFFF, 0xE75E, 0x8C93, 0x5AED, 0x3A2B, 0x1107, 0x2189,
 0x2188, 0x31E9, 0x636E, 0x634D, 0x634C, 0x634D, 0x6B6D, 0x6B6D, 0x636D, 0x634D, 0x5B4E, 0x4ACD, 0x3A6C, 0x3A6C, 0x3A6C, 0x42AE,
 0x19AA, 0x0086, 0x00A6, 0x00A6, 0x00C7, 0x0928, 0x4B30, 0x9517, 0xAD57, 0xAD77, 0xEFBF, 0xFFFF, 0xFFFF, 0xFFFF, 0xFFFF, 0xFFFF,
 0xFFFF, 0xFFFF, 0xFFFF, 0xFFFF, 0xFFFF, 0xFFFF, 0xFFFF, 0xFFFF, 0xFFFF, 0xFFFF, 0xFFFF, 0xFFFF, 0xFFFF, 0xFFFF, 0xFFFF, 0xFFFF,
 0xFFFF, 0xFFFF, 0xFFFF, 0xFFFF, 0xFFFF, 0xFFFF, 0xFFFF, 0xFFFF, 0xFFFF, 0xFFFF, 0xFFFF, 0xFFFF, 0xF7BF, 0xF7BF, 0xBE3A, 0x73F2,
 0x4ACC, 0x29A7, 0x73F0, 0xD6DB, 0xD6DB, 0xD6DA, 0xDEDB, 0xDEFB, 0xDEFB, 0xD6FB, 0xD6DB, 0xD6DB, 0xDEFC, 0xDEFC, 0xD6DC, 0xCE9B,
 0xD71D, 0x94F5, 0x4A8C, 0x52ED, 0x52ED, 0x52ED, 0x7C32, 0xD71D, 0xF7DF, 0xFFFF, 0xFFFF, 0xFFFF, 0xFFFF, 0xFFFF, 0xFFFF, 0xFFFF,
 0xFFFF, 0xFFFF, 0xFFFF, 0xFFFF, 0xFFFF, 0xFFFF, 0xFFFF, 0xFFFF, 0xFFFF, 0xFFFF, 0xFFFF, 0xFFFF, 0xFFFF, 0xFFFF, 0xFFFF, 0xFFFF,
 0xFFFF, 0xFFFF, 0xFFFF, 0xFFFF, 0xFFFF, 0xFFFF, 0xFFFF, 0xFFFF, 0xFFFF, 0xFFFF, 0xFFFF, 0xFFFF, 0xFFDF, 0xFFFF, 0xFFFF, 0xF7DF,
 0xEFDF, 0xEF9F, 0xE77E, 0xF7BF, 0xFFFF, 0xFFFF, 0xFFFF, 0xFFFF, 0xFFFF, 0xFFFF, 0xFFFF, 0xFFFF, 0xFFFF, 0xFFFF, 0xFFFF, 0xFFFF,
 0xFFFF, 0xFFFF, 0xF7DF, 0xEF9E, 0xEF9F, 0xEF7E, 0xEF9E, 0xF7DF, 0xFFFF, 0xFFFF, 0xFFDF, 0xFFFF, 0xFFFF, 0xFFFF, 0xFFFF, 0xFFFF,
 0xFFFF, 0xFFFF, 0xFFFF, 0xFFFF, 0xFFFF, 0xFFFF, 0xFFFF, 0xFFFF, 0xFFFF, 0xFFFF, 0xFFFF, 0xFFFF, 0xFFFF, 0xFFFF, 0xFFFF, 0xFFFF,
 0xFFFF, 0xFFFF, 0xFFFF, 0xFFFF, 0xFFFF, 0xFFFF, 0xFFFF, 0xFFFF, 0xFFFF, 0xFFFF, 0xFFFF, 0xFFFF, 0xFFFF, 0xFFFF, 0xFFFF, 0xFFFF,
 0xFFFF, 0xFFFF, 0xFFFF, 0xFFFF, 0xFFFF, 0xFFFF, 0xFFFF, 0xFFFF, 0xFFFF, 0xFFFF, 0xFFFF, 0xFFFF, 0xFFFF, 0xFFFF, 0xFFFF, 0xFFFF,
 0xFFFF, 0xFFFF, 0xFFFF, 0xFFFF, 0xFFFF, 0xFFFF, 0xFFFF, 0xFFFF, 0xFFFF, 0xFFFF, 0xFFFF, 0xFFFF, 0xFFFF, 0xFFFF, 0xFFFF, 0xFFFF,
 0xFFFF, 0xFFFF, 0xFFFF, 0xFFFF, 0xFFFF, 0xFFFF, 0xFFFF, 0xFFFF, 0xFFFF, 0xFFFF, 0xFFFF, 0xFFFF, 0xFFFF, 0xFFFF, 0xFFFF, 0xFFFF,
 0xFFFF, 0xFFFF, 0xFFFF, 0xFFFF, 0xFFFF, 0xFFFF, 0xFFFF, 0xFFFF, 0xFFFF, 0xFFFF, 0xFFFF, 0xFFFF, 0xFFFF, 0xFFFF, 0xFFFF, 0xFFFF,
 0xFFFF, 0xFFFF, 0xFFFF, 0xFFFF, 0xFFFF, 0xFFFF, 0xFFFF, 0xFFFF, 0xFFFF, 0xFFFF, 0xFFFF, 0xFFFF, 0xFFFF, 0xFFFF, 0xFFFF, 0xFFFF,
 0xFFFF, 0xFFFF, 0xFFFF, 0xFFFF, 0xFFFF, 0xFFFF, 0xFFFF, 0xFFFF, 0xFFFF, 0xFFFF, 0xFFFF, 0xFFFF, 0xFFFF, 0xFFFF, 0xFFFF, 0xFFFF,
 0xFFFF, 0xFFFF, 0xFFFF, 0xFFFF, 0xFFFF, 0xFFFF, 0xFFFF, 0xFFFF, 0xFFFF, 0xFFFF, 0xFFFF, 0xFFFF, 0xFFFF, 0xFFFF, 0xFFFF, 0xFFFF,
 0xFFFF, 0xFFFF, 0xFFFF, 0xFFFF, 0xFFFF, 0xFFFF, 0xFFFF, 0xFFFF, 0xFFFF, 0xFFFF, 0xFFFF, 0xFFFF, 0xFFFF, 0xFFFF, 0xFFFF, 0xFFFF,
 0xFFFF, 0xFFFF, 0xFFFF, 0xFFFF, 0xFFFF, 0xFFFF, 0xFFFF, 0xFFFF, 0xFFFF, 0xFFFF, 0xFFFF, 0xFFFF, 0xFFFF, 0xFFFF, 0xFFFF, 0xFFFF,
 0xFFFF, 0xFFFF, 0xFFFF, 0xFFFF, 0xFFFF, 0xFFFF, 0xFFFF, 0xFFFF, 0xFFFF, 0xFFFF, 0xFFFF, 0xFFFF, 0xFFFF, 0xFFFF, 0xFFFF, 0xFFFF,
 0xFFFF, 0xFFFF, 0xFFFF, 0xFFFF, 0xFFFF, 0xFFFF, 0xFFFF, 0xFFFF, 0xFFFF, 0xFFFF, 0xFFFF, 0xFFFF, 0xFFFF, 0xFFFF, 0xFFFF, 0xFFFF,
 0xFFFF, 0xFFFF, 0xFFFF, 0xFFFF, 0xFFFF, 0xFFFF, 0xFFFF, 0xFFFF, 0xFFFF, 0xFFFF, 0xFFFF, 0xFFFF, 0xFFFF, 0xFFFF, 0xFFFF, 0xFFFF,
 0xFFFF, 0xFFFF, 0xFFFF, 0xFFFF, 0xFFFF, 0xFFFF, 0xFFFF, 0xFFFF, 0xFFFF, 0xFFFF, 0xFFFF, 0xFFFF, 0xFFFF, 0xFFFF, 0xFFFF, 0xFFFF,
 0xFFFF, 0xFFFF, 0xFFFF, 0xFFFF, 0xFFFF, 0xFFFF, 0xFFFF, 0xFFFF, 0xFFFF, 0xFFFF, 0xFFFF, 0xFFFF, 0xFFFF, 0xFFFF, 0xFFFF, 0xFFFF,
 0xFFFF, 0xFFFF, 0xFFFF, 0xFFFF, 0xFFFF, 0xFFFF, 0xFFFF, 0xFFFF, 0xFFFF, 0xFFFF, 0xFFFF, 0xFFFF, 0xFFFF, 0xFFFF, 0xFFFF, 0xFFFF,
 0xFFFF, 0xFFFF, 0xFFFF, 0xFFFF, 0xFFFF, 0xFFFF, 0xFFFF, 0xFFFF, 0xFFFF, 0xFFFF, 0xFFFF, 0xFFFF, 0xFFFF, 0xFFFF, 0xFFFF, 0xFFFF,
 0xFFFF, 0xFFFF, 0xFFFF, 0xFFFF, 0xFFFF, 0xFFFF, 0xFFFF, 0xFFFF, 0xFFFF, 0xFFFF, 0xFFFF, 0xFFFF, 0xFFFF, 0xFFFF, 0xFFFF, 0xFFFF,
 0xFFFF, 0xFFFF, 0xFFFF, 0xFFFF, 0xFFFF, 0xFFFF, 0xFFFF, 0xFFFF, 0xFFFF, 0xFFFF, 0xFFFF, 0xFFFF, 0xFFFF, 0xFFFF, 0xFFFF, 0xFFFF,
 0xFFFF, 0xFFFF, 0xFFFF, 0xFFFF, 0xFFFF, 0xFFFF, 0xFFFF, 0xFFFF, 0xFFFF, 0xFFFF, 0xFFFF, 0xFFFF, 0xFFFF, 0xFFFF, 0xFFFF, 0xFFFF,
 0xFFFF, 0xFFFF, 0xFFFF, 0xFFFF, 0xFFFF, 0xFFFF, 0xFFFF, 0xFFFF, 0xFFFF, 0xFFFF, 0xFFFF, 0xFFFF, 0xFFFF, 0xFFFF, 0xFFFF, 0xFFFF,
 0xFFFF, 0xFFFF, 0xFFFF, 0xFFFF, 0xFFFF, 0xFFFF, 0xFFFF, 0xFFFF, 0xFFFF, 0xFFFF, 0xFFFF, 0xFFFF, 0xFFFF, 0xFFFF, 0xFFFF, 0xFFFF,
 0xFFFF, 0xFFFF, 0xFFFF, 0xFFFF, 0xFFFF, 0xFFFF, 0xFFFF, 0xFFFF, 0xFFFF, 0xFFFF, 0xFFFF, 0xFFFF, 0xFFFF, 0xFFFF, 0xFFFF, 0xFFFF,
 0xFFFF, 0xFFFF, 0xFFFF, 0xFFFF, 0xFFFF, 0xFFFF, 0xFFFF, 0xFFFF, 0xFFFF, 0xFFFF, 0xFFFF, 0xFFFF, 0xFFFF, 0xFFFF, 0xFFFF, 0xFFFF,
 0xFFFF, 0xFFFF, 0xFFFF, 0xFFFF, 0xFFFF, 0xFFFF, 0xFFFF, 0xFFFF, 0xFFFF, 0xFFFF, 0xFFFF, 0xFFFF, 0xFFFF, 0xFFFF, 0xFFFF, 0xFFFF,
 0xFFFF, 0xFFFF, 0xFFFF, 0xFFFF, 0xFFFF, 0xFFFF, 0xFFFF, 0xFFFF, 0xFFFF, 0xFFFF, 0xFFFF, 0xFFFF, 0xFFFF, 0xFFFF, 0xFFFF, 0xFFFF,
 0xFFFF, 0xFFFF, 0xFFFF, 0xFFFF, 0xFFFF, 0xFFFF, 0xFFFF, 0xFFFF, 0xFFFF, 0xFFFF, 0xFFFF, 0xFFFF, 0xFFFF, 0xFFFF, 0xFFFF, 0xFFFF,
 0xFFFF, 0xFFFF, 0xFFFF, 0xFFFF, 0xFFFF, 0xFFFF, 0xFFFF, 0xFFFF, 0xFFFF, 0xFFFF, 0xFFFF,
};

const unsigned short box_charcoal[] = {
 0x0000, 0x0000, 0x0000, 0x0000, 0x0000, 0x0000, 0x0000, 0x0000, 0x0000, 0x0000, 0x0000, 0x0000, 0x0000, 0x0000, 0x0000, 0x0000,
 0x0000, 0x0000, 0x0000, 0x0000, 0x0000, 0x0000, 0x0000, 0x0000, 0x0000, 0x0000, 0x0000, 0x0000, 0x0000, 0x0000, 0x0000, 0x0000,
 0x0000, 0x0000, 0x0000, 0x0000, 0x0000, 0x0000, 0x0000, 0x0000, 0x0000, 0x0000, 0x0000, 0x0000, 0x0000, 0x0000, 0x0000, 0x0000,
 0x0000, 0x0000, 0x0000, 0x0000, 0x0000, 0x0000, 0x0000, 0x0000, 0x0000, 0x0000, 0x0000, 0x0000, 0x0000, 0x0000, 0x20E2, 0x20E2,
 0x20E2, 0x20E2, 0x20E2, 0x20E2, 0x20E2, 0x20E2, 0x20E2, 0x20E2, 0x20E2, 0x20E2, 0x20E2, 0x20E2, 0x20E2, 0x20E2, 0x20E2, 0x20E2,
 0x20E2, 0x20E2, 0x20E2, 0x20E2, 0x20E2, 0x20E2, 0x20E2, 0x20E2, 0x20E2, 0x20E2, 0x20E2, 0x20E2, 0x20E2, 0x20E2, 0x20E2, 0x20E2,
 0x20E2, 0x20E2, 0x20E2, 0x20E2, 0x20E2, 0x20E2, 0x20E2, 0x20E2, 0x20E2, 0x20E2, 0x20E2, 0x20E2, 0x20E2, 0x20E2, 0x20E2, 0x20E2,
 0x20E2, 0x20E2, 0x20E2, 0x20E2, 0x20E2, 0x20E2, 0x20E2, 0x0000, 0x0000, 0x0000, 0x20E2, 0x3144, 0x3144, 0x3144, 0x3144, 0x3144,
 0x3144, 0x3144, 0x3144, 0x3144, 0x3144, 0x3144, 0x3144, 0x3144, 0x3144, 0x3144, 0x3144, 0x3144, 0x3144, 0x3144, 0x3144, 0x3144,
 0x20E2, 0x5A88, 0x5A88, 0x3144, 0x3144, 0x3144, 0x3144, 0x3144, 0x3144, 0x3144, 0x3144, 0x3144, 0x3144, 0x3144, 0x3144, 0x3144,
 0x3144, 0x3144, 0x5A88, 0x5A88, 0x3144, 0x3144, 0x62C9, 0x3144, 0x3144, 0x3144, 0x3144, 0x3144, 0x3144, 0x3144, 0x3144, 0x3144,
 0x3144, 0x3144, 0x20E2, 0x0000, 0x0000, 0x0000, 0x20E2, 0x3144, 0x3144, 0x3144, 0x3144, 0x3144, 0x3144, 0x3144, 0x3144, 0x3144,
 0x3144, 0x3144, 0x3144, 0x3144, 0x3144, 0x3144, 0x3144, 0x3144, 0x3144, 0x3144, 0x3144, 0x20E2, 0x20E2, 0x5A88, 0x5A88, 0x20E2,
 0x3144, 0x3144, 0x3144, 0x3144, 0x3144, 0x3144, 0x3144, 0x3144, 0x3144, 0x3144, 0x3144, 0x3144, 0x3144, 0x62C9, 0x18A2, 0x18A2,
 0x62C9, 0x3144, 0x62C9, 0x3144, 0x3144, 0x3144, 0x3144, 0x3144, 0x3144, 0x3144, 0x3144, 0x3144, 0x3144, 0x3144, 0x20E2, 0x0000,
 0x0000, 0x0000, 0x20E2, 0x20E2, 0x4A27, 0x4A27, 0x4A27, 0x4A27, 0x4A27, 0x4A27, 0x4A27, 0x4A27, 0x4A27, 0x4A27, 0x4A27, 0x4A27,
 0x4A27, 0x4A27, 0x4A27, 0x4A27, 0x4A27, 0x20E2, 0x20E2, 0x20E2, 0x20E2, 0x20E2, 0x20E2, 0x20E2, 0x20E2, 0x20E2, 0x20E2, 0x20E2,
 0x20E2, 0x20E2, 0x20E2, 0x20E2, 0x20E2, 0x20E2, 0x20E2, 0x20E2, 0x20E2, 0x0000, 0x0000, 0x0000, 0x62C9, 0x5A88, 0x5A88, 0x5A88,
 0x5A88, 0x5A88, 0x5A88, 0x4A27, 0x4A27, 0x4A27, 0x4A27, 0x4A27, 0x4A27, 0x3144, 0x20E2, 0x0000, 0x0000, 0x0000, 0x20E2, 0x20E2,
 0x49E6, 0x4A27, 0x4A27, 0x4A27, 0x4A27, 0x4A27, 0x4A27, 0x4A27, 0x4A27, 0x4A27, 0x4A27, 0x4A27, 0x4A27, 0x4A27, 0x4A27, 0x4A27,
 0x4A27, 0x4A27, 0x4A27, 0x4A27, 0x4A27, 0x20E2, 0x20E2, 0x4A27, 0x4A27, 0x4A27, 0x4A27, 0x4A27, 0x4A27, 0x4A27, 0x4A27, 0x4A27,
 0x4A27, 0x20E2, 0x4A27, 0x4A27, 0x4A27, 0x62C9, 0x0000, 0x62C9, 0x4A27, 0x4A27, 0x4A27, 0x4A27, 0x4A27, 0x4A27, 0x4A27, 0x4A27,
 0x4A27, 0x4A27, 0x4A27, 0x4A27, 0x4A27, 0x3144, 0x20E2, 0x0000, 0x0000, 0x0000, 0x20E2, 0x20E2, 0x49E6, 0x49E6, 0x49E6, 0x49E6,
 0x49E6, 0x49E6, 0x4A27, 0x4A27, 0x4A27, 0x4A27, 0x4A27, 0x4A27, 0x4A27, 0x4A27, 0x4A27, 0x4A27, 0x4A27, 0x4A27, 0x4A27, 0x4A27,
 0x4A27, 0x4A27, 0x4A27, 0x4A27, 0x4A27, 0x4A27, 0x4A27, 0x4A27, 0x4A27, 0x4A27, 0x4A27, 0x4A27, 0x4A27, 0x4A27, 0x4A27, 0x4A27,
 0x4A27, 0x4A27, 0x4A27, 0x4A27, 0x4A27, 0x4A27, 0x4A27, 0x4A27, 0x4A27, 0x4A27, 0x4A27, 0x4A27, 0x4A27, 0x4A27, 0x62C9, 0x3144,
 0x3144, 0x3144, 0x20E2, 0x0000, 0x0000, 0x0000, 0x20E2, 0x4A27, 0x4A27, 0x4A27, 0x4A27, 0x4A27, 0x4A27, 0x4A27, 0x4A27, 0x4A27,
 0x4A27, 0x4A27, 0x4A27, 0x4A27, 0x4A27, 0x4A27, 0x4A27, 0x4A27, 0x4A27, 0x4A27, 0x4A27, 0x4A27, 0x4A27, 0x4A27, 0x4A27, 0x4A27,
 0x4A27, 0x4A27, 0x4A27, 0x4A27, 0x4A27, 0x4A27, 0x4A27, 0x4A27, 0x4A27, 0x4A27, 0x4A27, 0x4A27, 0x4A27, 0x4A27, 0x4A27, 0x4A27,
 0x4A27, 0x4A27, 0x4A27, 0x4A27, 0x4A27, 0x4A27, 0x4A27, 0x4A27, 0x4A27, 0x4A27, 0x4A27, 0x4A27, 0x4A27, 0x3144, 0x20E2, 0x0000,
 0x0000, 0x0000, 0x20E2, 0x4A27, 0x4A27, 0x4A27, 0x4A27, 0x4A27, 0x4A27, 0x4A27, 0x4A27, 0x4A27, 0x4A27, 0x4A27, 0x4A27, 0x4A27,
 0x4A27, 0x4A27, 0x4A27, 0x4A27, 0x4A27, 0x4A27, 0x4A27, 0x4A27, 0x4A27, 0x4A27, 0x4A27, 0x4A27, 0x5A88, 0x5A88, 0x5A88, 0x5A88,
 0x4A27, 0x4A27, 0x4A27, 0x4A27, 0x4A27, 0x4A27, 0x4A27, 0x62C9, 0x62C9, 0x5A88, 0x5A88, 0x5A88, 0x5A88, 0x5A88, 0x5A88, 0x49E6,
 0x49E6, 0x49E6, 0x49E6, 0x49E6, 0x49E6, 0x49E6, 0x49E6, 0x49E6, 0x49E6, 0x3144, 0x20E2, 0x0000, 0x0000, 0x0000, 0x20E2, 0x20E2,
 0x49E6, 0x49E6, 0x49E6, 0x5A88, 0x5A88, 0x5A88, 0x5A88, 0x5A88, 0x5A88, 0x5A88, 0x5A88, 0x5A88, 0x5A88, 0x5A88, 0x5A88, 0x5A88,
 0x5A88, 0x5A88, 0x5A88, 0x5A88, 0x5A88, 0x5A88, 0x4A27, 0x4A27, 0x5A88, 0x5A88, 0x5A88, 0x5A88, 0x5A88, 0x5A88, 0x4A27, 0x4A27,
 0x4A27, 0x4A27, 0x4A27, 0x4A27, 0x5A88, 0x5A88, 0x5A88, 0x5A88, 0x5A88, 0x4A27, 0x3144, 0x3144, 0x3144, 0x49E6, 0x49E6, 0x49E6,
 0x49E6, 0x49E6, 0x49E6, 0x49E6, 0x49E6, 0x20E2, 0x20E2, 0x0000, 0x0000, 0x0000, 0x20E2, 0x4A27, 0x4A27, 0x4A27, 0x4A27, 0x4A27,
 0x4A27, 0x4A27, 0x4A27, 0x4A27, 0x4A27, 0x4A27, 0x4A27, 0x4A27, 0x4A27, 0x4A27, 0x4A27, 0x4A27, 0x4A27, 0x4A27, 0x4A27, 0x4A27,
 0x5A88, 0x5A88, 0x4A27, 0x4A27, 0x4A27, 0x4A27, 0x5A88, 0x5A88, 0x5A88, 0x5A88, 0x4A27, 0x4A27, 0x4A27, 0x4A27, 0x4A27, 0x4A27,
 0x4A27, 0x4A27, 0x4A27, 0x4A27, 0x4A27, 0x4A27, 0x4A27, 0x4A27, 0x4A27, 0x4A27, 0x4A27, 0x4A27, 0x4A27, 0x49E6, 0x3144, 0x3144,
 0x49E6, 0x3144, 0x20E2, 0x0000, 0x0000, 0x0000, 0x20E2, 0x4A27, 0x4A27, 0x4A27, 0x4A27, 0x4A27, 0x4A27, 0x4A27, 0x4A27, 0x4A27,
 0x4A27, 0x4A27, 0x4A27, 0x4A27, 0x4A27, 0x4A27, 0x4A27, 0x4A27, 0x4A27, 0x4A27, 0x4A27, 0x4A27, 0x4A27, 0x4A27, 0x4A27, 0x4A27,
 0x4A27, 0x4A27, 0x4A27, 0x4A27, 0x4A27, 0x4A27, 0x4A27, 0x4A27, 0x4A27, 0x4A27, 0x4A27, 0x4A27, 0x4A27, 0x4A27, 0x4A27, 0x20E2,
 0x62C9, 0x4A27, 0x4A27, 0x4A27, 0x4A27, 0x4A27, 0x4A27, 0x4A27, 0x4A27, 0x49E6, 0x3144, 0x62C9, 0x3144, 0x3144, 0x20E2, 0x0000,
 0x0000, 0x0000, 0x20E2, 0x20E2, 0x20E2, 0x20E2, 0x20E2, 0x20E2, 0x20E2, 0x20E2, 0x20E2, 0x3144, 0x3144, 0x3144, 0x3144, 0x3144,
 0x3144, 0x3144, 0x3144, 0x3144, 0x3144, 0x3144, 0x3144, 0x3144, 0x3144, 0x3144, 0x3144, 0x3144, 0x3144, 0x3144, 0x3144, 0x3144,
 0x3144, 0x3144, 0x3144, 0x3144, 0x3144, 0x3144, 0x20E2, 0x20E2, 0x18A2, 0x18A2, 0x18A2, 0x18A2, 0x0000, 0x20E2, 0x20E2, 0x20E2,
 0x20E2, 0x20E2, 0x20E2, 0x20E2, 0x20E2, 0x20E2, 0x20E2, 0x20E2, 0x20E2, 0x20E2, 0x0000, 0x0000, 0x0000, 0x0000, 0x0000, 0x0000,
 0x0000, 0x0000, 0x0000, 0x0000, 0x0000, 0x0000, 0x0000, 0x0000, 0x0000, 0x0000, 0x0000, 0x0000, 0x0000, 0x0000, 0x0000, 0x0000,
 0x0000, 0x0000, 0x0000, 0x0000, 0x0000, 0x0000, 0x0000, 0x0000, 0x0000, 0x0000, 0x0000, 0x0000, 0x0000, 0x0000, 0x0000, 0x0000,
 0x0000, 0x0000, 0x0000, 0x0000, 0x0000, 0x0000, 0x0000, 0x0000, 0x0000, 0x0000, 0x0000, 0x0000, 0x0000, 0x0000, 0x0000, 0x0000,
 0x0000, 0x0000, 0x0000, 0x0000, 0x0000, 0x0000, 0x0000, 0x0000, 0x0000, 0x18A2, 0x20E2, 0x20E2, 0x49E6, 0x49E6, 0x49E6, 0x49E6,
 0x49E6, 0x49E6, 0x18A2, 0x18A2, 0x3144, 0x3144, 0x3144, 0x3144, 0x3144, 0x3144, 0x3144, 0x3144, 0x3144, 0x3144, 0x3144, 0x3144,
 0x3144, 0x3144, 0x3144, 0x3144, 0x3144, 0x3144, 0x3144, 0x3144, 0x3144, 0x3144, 0x20E2, 0x20E2, 0x5A88, 0x4A27, 0x4A27, 0x0000,
 0x0000, 0x5A88, 0x49E6, 0x49E6, 0x49E6, 0x4A27, 0x4A27, 0x4A27, 0x5A88, 0x0000, 0x20E2, 0x20E2, 0x20E2, 0x20E2, 0x20E2, 0x20E2,
 0x20E2, 0x20E2, 0x0000, 0x0000, 0x0000, 0x18A2, 0x20E2, 0x3144, 0x4A27, 0x5A88, 0x5A88, 0x5A88, 0x5A88, 0x4A27, 0x18A2, 0x18A2,
 0x3144, 0x49E6, 0x49E6, 0x49E6, 0x49E6, 0x49E6, 0x49E6, 0x49E6, 0x49E6, 0x49E6, 0x49E6, 0x49E6, 0x49E6, 0x49E6, 0x49E6, 0x49E6,
 0x49E6, 0x49E6, 0x49E6, 0x3144, 0x3144, 0x20E2, 0x0000, 0x0000, 0x6AE9, 0x4A27, 0x4A27, 0x0000, 0x5A88, 0x49E6, 0x4A27, 0x4A27,
 0x49E6, 0x4A27, 0x4A27, 0x4A27, 0x6AE9, 0x0000, 0x20E2, 0x20E2, 0x3144, 0x3144, 0x3144, 0x3144, 0x3144, 0x3144, 0x20E2, 0x0000,
 0x0000, 0x18A2, 0x20E2, 0x3144, 0x4A27, 0x5A88, 0x5A88, 0x5A88, 0x5A88, 0x4A27, 0x18A2, 0x18A2, 0x3144, 0x49E6, 0x49E6, 0x49E6,
 0x49E6, 0x49E6, 0x49E6, 0x49E6, 0x49E6, 0x49E6, 0x49E6, 0x49E6, 0x49E6, 0x49E6, 0x49E6, 0x49E6, 0x49E6, 0x49E6, 0x49E6, 0x3144,
 0x20E2, 0x0000, 0x0000, 0x6AE9, 0x4A27, 0x4A27, 0x4A27, 0x4A27, 0x49E6, 0x49E6, 0x4A27, 0x4A27, 0x4A27, 0x4A27, 0x4A27, 0x4A27,
 0x6AE9, 0x0000, 0x20E2, 0x20E2, 0x3144, 0x5A88, 0x5A88, 0x5A88, 0x5A88, 0x5A88, 0x20E2, 0x0000, 0x0000, 0x18A2, 0x3144, 0x3144,
 0x4A27, 0x5A88, 0x5A88, 0x4A27, 0x5A88, 0x4A27, 0x18A2, 0x18A2, 0x3144, 0x49E6, 0x49E6, 0x49E6, 0x49E6, 0x49E6, 0x49E6, 0x49E6,
 0x49E6, 0x49E6, 0x49E6, 0x49E6, 0x49E6, 0x49E6, 0x49E6, 0x49E6, 0x49E6, 0x49E6, 0x3144, 0x20E2, 0x0000, 0x0000, 0x6AE9, 0x4A27,
 0x4A27, 0x49E6, 0x49E6, 0x4A27, 0x49E6, 0x4A27, 0x4A27, 0x4A27, 0x4A27, 0x4A27, 0x4A27, 0x4A27, 0x6AE9, 0x0000, 0x20E2, 0x20E2,
 0x3144, 0x5A88, 0x4A27, 0x4A27, 0x4A27, 0x4A27, 0x20E2, 0x0000, 0x0000, 0x18A2, 0x3144, 0x3144, 0x4A27, 0x49E6, 0x5A88, 0x4A27,
 0x5A88, 0x4A27, 0x18A2, 0x18A2, 0x3144, 0x3144, 0x3144, 0x3144, 0x3144, 0x3144, 0x3144, 0x3144, 0x3144, 0x3144, 0x3144, 0x3144,
 0x3144, 0x3144, 0x3144, 0x3144, 0x3144, 0x3144, 0x20E2, 0x0000, 0x0000, 0x6AE9, 0x4A27, 0x4A27, 0x5A88, 0x49E6, 0x4A27, 0x4A27,
 0x4A27, 0x4A27, 0x4A27, 0x4A27, 0x4A27, 0x4A27, 0x4A27, 0x6AE9, 0x0000, 0x0000, 0x20E2, 0x20E2, 0x3144, 0x5A88, 0x4A27, 0x4A27,
 0x4A27, 0x4A27, 0x20E2, 0x0000, 0x0000, 0x18A2, 0x3144, 0x3144, 0x4A27, 0x49E6, 0x4A27, 0x4A27, 0x5A88, 0x4A27, 0x18A2, 0x18A2,
 0x20E2, 0x20E2, 0x20E2, 0x20E2, 0x20E2, 0x20E2, 0x20E2, 0x20E2, 0x20E2, 0x20E2, 0x20E2, 0x20E2, 0x20E2, 0x20E2, 0x20E2, 0x20E2,
 0x20E2, 0x20E2, 0x0000, 0x0000, 0x6AE9, 0x4A27, 0x4A27, 0x4A27, 0x6AE9, 0x4A27, 0x4A27, 0x4A27, 0x4A27, 0x4A27, 0x4A27, 0x4A27,
 0x4A27, 0x4A27, 0x6AE9, 0x0000, 0x0000, 0x0000, 0x20E2, 0x20E2, 0x3144, 0x5A88, 0x4A27, 0x4A27, 0x4A27, 0x4A27, 0x20E2, 0x0000,
 0x0000, 0x18A2, 0x3144, 0x3144, 0x4A27, 0x49E6, 0x4A27, 0x4A27, 0x4A27, 0x4A27, 0x18A2, 0x18A2, 0x20E2, 0x20E2, 0x20E2, 0x20E2,
 0x20E2, 0x20E2, 0x20E2, 0x20E2, 0x20E2, 0x20E2, 0x20E2, 0x20E2, 0x20E2, 0x20E2, 0x20E2, 0x20E2, 0x20E2, 0x0000, 0x0000, 0x6AE9,
 0x4A27, 0x4A27, 0x4A27, 0x83AB, 0x4A27, 0x4A27, 0x4A27, 0x4A27, 0x4A27, 0x4A27, 0x4A27, 0x4A27, 0x4A27, 0x6AE9, 0x0000, 0x0000,
 0x0000, 0x0000, 0x20E2, 0x20E2, 0x3144, 0x5A88, 0x4A27, 0x4A27, 0x4A27, 0x4A27, 0x20E2, 0x0000, 0x0000, 0x18A2, 0x3144, 0x3144,
 0x4A27, 0x49E6, 0x4A27, 0x4A27, 0x4A27, 0x4A27, 0x18A2, 0x18A2, 0x3144, 0x3144, 0x3144, 0x3144, 0x3144, 0x3144, 0x3144, 0x3144,
 0x3144, 0x3144, 0x3144, 0x3144, 0x3144, 0x3144, 0x3144, 0x20E2, 0x0000, 0x0000, 0x6AE9, 0x4A27, 0x4A27, 0x4A27, 0x83AB, 0x4A27,
 0x4A27, 0x4A27, 0x4A27, 0x49E6, 0x49E6, 0x4A27, 0x4A27, 0x4A27, 0x6AE9, 0x0000, 0x0000, 0x0000, 0x3144, 0x0000, 0x20E2, 0x20E2,
 0x3144, 0x5A88, 0x4A27, 0x62C9, 0x3144, 0x4A27, 0x20E2, 0x0000, 0x0000, 0x18A2, 0x3144, 0x3144, 0x4A27, 0x49E6, 0x4A27, 0x4A27,
 0x4A27, 0x4A27, 0x18A2, 0x18A2, 0x3144, 0x49E6, 0x49E6, 0x49E6, 0x49E6, 0x49E6, 0x49E6, 0x49E6, 0x49E6, 0x49E6, 0x49E6, 0x49E6,
 0x49E6, 0x3144, 0x20E2, 0x0000, 0x0000, 0x6AE9, 0x4A27, 0x4A27, 0x4A27, 0x83AB, 0x4A27, 0x4A27, 0x4A27, 0x4A27, 0x49E6, 0x0000,
 0x0000, 0x4A27, 0x4A27, 0x6AE9, 0x0000, 0x0000, 0x0000, 0x3144, 0x3144, 0x0000, 0x20E2, 0x20E2, 0x3144, 0x5A88, 0x4A27, 0x62C9,
 0x3144, 0x4A27, 0x20E2, 0x0000, 0x0000, 0x18A2, 0x3144, 0x3144, 0x4A27, 0x49E6, 0x4A27, 0x4A27, 0x4A27, 0x4A27, 0x18A2, 0x18A2,
 0x3144, 0x49E6, 0x49E6, 0x49E6, 0x49E6, 0x49E6, 0x49E6, 0x49E6, 0x49E6, 0x49E6, 0x49E6, 0x49E6, 0x3144, 0x20E2, 0x0000, 0x0000,
 0x5A88, 0x4A27, 0x4A27, 0x4A27, 0x62C9, 0x4A27, 0x4A27, 0x4A27, 0x4A27, 0x62C9, 0x49E6, 0x0000, 0x4A27, 0x4A27, 0x6AE9, 0x0000,
 0x0000, 0x0000, 0x3144, 0x3144, 0x3144, 0x0000, 0x20E2, 0x20E2, 0x3144, 0x5A88, 0x4A27, 0x4A27, 0x4A27, 0x4A27, 0x20E2, 0x0000,
 0x0000, 0x18A2, 0x3144, 0x3144, 0x4A27, 0x4A27, 0x4A27, 0x4A27, 0x4A27, 0x4A27, 0x18A2, 0x18A2, 0x3144, 0x49E6, 0x49E6, 0x49E6,
 0x49E6, 0x49E6, 0x49E6, 0x49E6, 0x49E6, 0x49E6, 0x49E6, 0x3144, 0x20E2, 0x0000, 0x0000, 0x5A88, 0x5A88, 0x4A27, 0x4A27, 0x4A27,
 0x4A27, 0x4A27, 0x4A27, 0x4A27, 0x49E6, 0x62C9, 0x49E6, 0x49E6, 0x4A27, 0x6AE9, 0x0000, 0x0000, 0x0000, 0x3144, 0x3144, 0x49E6,
 0x3144, 0x0000, 0x20E2, 0x20E2, 0x3144, 0x5A88, 0x4A27, 0x4A27, 0x4A27, 0x4A27, 0x20E2, 0x0000, 0x0000, 0x18A2, 0x3144, 0x3144,
 0x4A27, 0x4A27, 0x4A27, 0x4A27, 0x4A27, 0x4A27, 0x18A2, 0x18A2, 0x3144, 0x49E6, 0x49E6, 0x49E6, 0x49E6, 0x49E6, 0x49E6, 0x49E6,
 0x49E6, 0x49E6, 0x3144, 0x20E2, 0x20E2, 0x0000, 0x5A88, 0x5A88, 0x5A88, 0x4A27, 0x4A27, 0x4A27, 0x4A27, 0x4A27, 0x4A27, 0x4A27,
 0x49E6, 0x62C9, 0x62C9, 0x4A27, 0x4A27, 0x6AE9, 0x0000, 0x0000, 0x3144, 0x3144, 0x49E6, 0x49E6, 0x3144, 0x0000, 0x20E2, 0x20E2,
 0x3144, 0x5A88, 0x4A27, 0x4A27, 0x4A27, 0x4A27, 0x20E2, 0x0000, 0x0000, 0x18A2, 0x3144, 0x3144, 0x4A27, 0x4A27, 0x4A27, 0x4A27,
 0x4A27, 0x4A27, 0x18A2, 0x18A2, 0x3144, 0x49E6, 0x49E6, 0x49E6, 0x49E6, 0x49E6, 0x49E6, 0x49E6, 0x49E6, 0x3144, 0x20E2, 0x20E2,
 0x0000, 0x5A88, 0x5A88, 0x5A88, 0x5A88, 0x4A27, 0x4A27, 0x4A27, 0x4A27, 0x62C9, 0x62C9, 0x62C9, 0x62C9, 0x62C9, 0x4A27, 0x4A27,
 0x6AE9, 0x0000, 0x0000, 0x3144, 0x3144, 0x49E6, 0x49E6, 0x49E6, 0x3144, 0x0000, 0x20E2, 0x20E2, 0x3144, 0x5A88, 0x4A27, 0x4A27,
 0x4A27, 0x4A27, 0x20E2, 0x0000, 0x0000, 0x18A2, 0x3144, 0x4A27, 0x4A27, 0x4A27, 0x4A27, 0x4A27, 0x4A27, 0x4A27, 0x18A2, 0x18A2,
 0x3144, 0x49E6, 0x49E6, 0x49E6, 0x49E6, 0x49E6, 0x49E6, 0x49E6, 0x3144, 0x3144, 0x20E2, 0x0000, 0x0000, 0x5A88, 0x5A88, 0x5A88,
 0x4A27, 0x4A27, 0x4A27, 0x4A27, 0x62C9, 0x62C9, 0x62C9, 0x62C9, 0x4A27, 0x4A27, 0x4A27, 0x6AE9, 0x0000, 0x0000, 0x0000, 0x3144,
 0x49E6, 0x49E6, 0x49E6, 0x49E6, 0x3144, 0x0000, 0x20E2, 0x20E2, 0x3144, 0x5A88, 0x4A27, 0x4A27, 0x3144, 0x4A27, 0x20E2, 0x0000,
 0x0000, 0x18A2, 0x4A27, 0x4A27, 0x4A27, 0x4A27, 0x4A27, 0x4A27, 0x4A27, 0x4A27, 0x18A2, 0x18A2, 0x3144, 0x3144, 0x3144, 0x3144,
 0x3144, 0x3144, 0x3144, 0x3144, 0x3144, 0x20E2, 0x0000, 0x0000, 0x4A27, 0x4A27, 0x5A88, 0x5A88, 0x4A27, 0x4A27, 0x4A27, 0x62C9,
 0x62C9, 0x4A27, 0x4A27, 0x4A27, 0x4A27, 0x4A27, 0x6AE9, 0x0000, 0x0000, 0x0000, 0x3144, 0x3144, 0x3144, 0x3144, 0x3144, 0x3144,
 0x3144, 0x0000, 0x20E2, 0x20E2, 0x3144, 0x5A88, 0x4A27, 0x4A27, 0x3144, 0x4A27, 0x20E2, 0x0000, 0x0000, 0x18A2, 0x4A27, 0x4A27,
 0x4A27, 0x4A27, 0x4A27, 0x4A27, 0x4A27, 0x4A27, 0x18A2, 0x18A2, 0x20E2, 0x20E2, 0x20E2, 0x20E2, 0x20E2, 0x20E2, 0x20E2, 0x20E2,
 0x20E2, 0x0000, 0x0000, 0x4A27, 0x4A27, 0x5A88, 0x5A88, 0x4A27, 0x4A27, 0x4A27, 0x49E6, 0x62C9, 0x4A27, 0x4A27, 0x4A27, 0x4A27,
 0x4A27, 0x6AE9, 0x0000, 0x0000, 0x0000, 0x20E2, 0x20E2, 0x20E2, 0x20E2, 0x20E2, 0x20E2, 0x20E2, 0x20E2, 0x0000, 0x20E2, 0x20E2,
 0x3144, 0x5A88, 0x4A27, 0x4A27, 0x3144, 0x4A27, 0x20E2, 0x0000, 0x0000, 0x18A2, 0x4A27, 0x4A27, 0x4A27, 0x4A27, 0x4A27, 0x4A27,
 0x4A27, 0x4A27, 0x18A2, 0x18A2, 0x20E2, 0x20E2, 0x20E2, 0x20E2, 0x20E2, 0x20E2, 0x20E2, 0x20E2, 0x0000, 0x0000, 0x4A27, 0x4A27,
 0x4A27, 0x5A88, 0x5A88, 0x4A27, 0x4A27, 0x4A27, 0x49E6, 0x62C9, 0x4A27, 0x4A27, 0x4A27, 0x4A27, 0x6AE9, 0x0000, 0x0000, 0x0000,
 0x20E2, 0x20E2, 0x20E2, 0x20E2, 0x20E2, 0x20E2, 0x20E2, 0x20E2, 0x20E2, 0x0000, 0x20E2, 0x20E2, 0x3144, 0x5A88, 0x4A27, 0x4A27,
 0x3144, 0x4A27, 0x20E2, 0x0000, 0x0000, 0x18A2, 0x3144, 0x49E6, 0x4A27, 0x4A27, 0x4A27, 0x4A27, 0x4A27, 0x4A27, 0x18A2, 0x18A2,
 0x3144, 0x3144, 0x3144, 0x3144, 0x3144, 0x3144, 0x20E2, 0x0000, 0x0000, 0x4A27, 0x4A27, 0x4A27, 0x5A88, 0x5A88, 0x4A27, 0x4A27,
 0x4A27, 0x49E6, 0x4A27, 0x5A88, 0x4A27, 0x4A27, 0x4A27, 0x6AE9, 0x0000, 0x0000, 0x0000, 0x3144, 0x3144, 0x3144, 0x3144, 0x3144,
 0x3144, 0x3144, 0x3144, 0x3144, 0x3144, 0x0000, 0x20E2, 0x20E2, 0x3144, 0x49E6, 0x4A27, 0x4A27, 0x3144, 0x4A27, 0x20E2, 0x0000,
 0x0000, 0x18A2, 0x3144, 0x49E6, 0x4A27, 0x4A27, 0x5A88, 0x4A27, 0x4A27, 0x4A27, 0x18A2, 0x18A2, 0x3144, 0x49E6, 0x49E6, 0x49E6,
 0x3144, 0x20E2, 0x0000, 0x0000, 0x4A27, 0x4A27, 0x5A88, 0x5A88, 0x5A88, 0x4A27, 0x4A27, 0x49E6, 0x49E6, 0x4A27, 0x4A27, 0x4A27,
 0x4A27, 0x4A27, 0x6AE9, 0x0000, 0x0000, 0x0000, 0x3144, 0x49E6, 0x49E6, 0x49E6, 0x49E6, 0x49E6, 0x49E6, 0x49E6, 0x49E6, 0x49E6,
 0x3144, 0x0000, 0x20E2, 0x20E2, 0x3144, 0x49E6, 0x4A27, 0x4A27, 0x3144, 0x4A27, 0x20E2, 0x0000, 0x0000, 0x18A2, 0x3144, 0x49E6,
 0x4A27, 0x4A27, 0x5A88, 0x5A88, 0x4A27, 0x4A27, 0x18A2, 0x18A2, 0x3144, 0x49E6, 0x49E6, 0x3144, 0x20E2, 0x0000, 0x0000, 0x4A27,
 0x4A27, 0x4A27, 0x5A88, 0x5A88, 0x4A27, 0x4A27, 0x4A27, 0x49E6, 0x49E6, 0x4A27, 0x4A27, 0x4A27, 0x4A27, 0x6AE9, 0x0000, 0x0000,
 0x0000, 0x3144, 0x49E6, 0x49E6, 0x49E6, 0x49E6, 0x49E6, 0x49E6, 0x49E6, 0x49E6, 0x49E6, 0x49E6, 0x3144, 0x0000, 0x20E2, 0x20E2,
 0x3144, 0x49E6, 0x4A27, 0x3144, 0x3144, 0x3144, 0x20E2, 0x0000, 0x0000, 0x18A2, 0x3144, 0x49E6, 0x4A27, 0x4A27, 0x5A88, 0x5A88,
 0x4A27, 0x4A27, 0x18A2, 0x18A2, 0x3144, 0x49E6, 0x3144, 0x20E2, 0x0000, 0x0000, 0x4A27, 0x4A27, 0x4A27, 0x4A27, 0x4A27, 0x4A27,
 0x4A27, 0x4A27, 0x49E6, 0x49E6, 0x4A27, 0x4A27, 0x4A27, 0x4A27, 0x6AE9, 0x0000, 0x0000, 0x0000, 0x3144, 0x49E6, 0x49E6, 0x49E6,
 0x49E6, 0x49E6, 0x49E6, 0x49E6, 0x49E6, 0x49E6, 0x49E6, 0x49E6, 0x3144, 0x0000, 0x20E2, 0x20E2, 0x3144, 0x49E6, 0x3144, 0x3144,
 0x20E2, 0x3144, 0x20E2, 0x0000, 0x0000, 0x18A2, 0x3144, 0x49E6, 0x4A27, 0x4A27, 0x5A88, 0x4A27, 0x4A27, 0x4A27, 0x18A2, 0x18A2,
 0x3144, 0x3144, 0x20E2, 0x0000, 0x0000, 0x6AE9, 0x4A27, 0x4A27, 0x4A27, 0x4A27, 0x4A27, 0x4A27, 0x4A27, 0x49E6, 0x49E6, 0x4A27,
 0x4A27, 0x4A27, 0x4A27, 0x6AE9, 0x0000, 0x0000, 0x0000, 0x3144, 0x3144, 0x49E6, 0x49E6, 0x49E6, 0x49E6, 0x49E6, 0x49E6, 0x49E6,
 0x49E6, 0x49E6, 0x49E6, 0x49E6, 0x3144, 0x0000, 0x20E2, 0x20E2, 0x3144, 0x49E6, 0x3144, 0x62C9, 0x20E2, 0x3144, 0x20E2, 0x0000,
 0x0000, 0x18A2, 0x3144, 0x49E6, 0x4A27, 0x4A27, 0x4A27, 0x4A27, 0x4A27, 0x4A27, 0x18A2, 0x18A2, 0x3144, 0x20E2, 0x0000, 0x0000,
 0x6AE9, 0x4A27, 0x4A27, 0x4A27, 0x4A27, 0x4A27, 0x4A27, 0x4A27, 0x49E6, 0x83AB, 0x4A27, 0x4A27, 0x4A27, 0x5A88, 0x6AE9, 0x0000,
 0x0000, 0x0000, 0x3144, 0x3144, 0x49E6, 0x49E6, 0x49E6, 0x49E6, 0x49E6, 0x49E6, 0x49E6, 0x49E6, 0x49E6, 0x49E6, 0x49E6, 0x49E6,
 0x3144, 0x0000, 0x20E2, 0x20E2, 0x3144, 0x49E6, 0x3144, 0x3144, 0x20E2, 0x3144, 0x20E2, 0x0000, 0x0000, 0x18A2, 0x3144, 0x49E6,
 0x4A27, 0x4A27, 0x4A27, 0x4A27, 0x4A27, 0x4A27, 0x18A2, 0x18A2, 0x20E2, 0x0000, 0x0000, 0x6AE9, 0x4A27, 0x4A27, 0x4A27, 0x4A27,
 0x4A27, 0x6AE9, 0x4A27, 0x20E2, 0x20E2, 0x4A27, 0x4A27, 0x4A27, 0x4A27, 0x6AE9, 0x0000, 0x0000, 0x0000, 0x3144, 0x3144, 0x49E6,
 0x49E6, 0x49E6, 0x49E6, 0x49E6, 0x49E6, 0x49E6, 0x49E6, 0x49E6, 0x49E6, 0x49E6, 0x49E6, 0x49E6, 0x3144, 0x0000, 0x20E2, 0x20E2,
 0x3144, 0x49E6, 0x49E6, 0x3144, 0x20E2, 0x3144, 0x20E2, 0x0000, 0x0000, 0x18A2, 0x3144, 0x49E6, 0x4A27, 0x4A27, 0x4A27, 0x4A27,
 0x4A27, 0x4A27, 0x18A2, 0x0000, 0x0000, 0x0000, 0x6AE9, 0x4A27, 0x4A27, 0x4A27, 0x4A27, 0x4A27, 0x4A27, 0x20E2, 0x20E2, 0x20E2,
 0x6AE9, 0x4A27, 0x83AB, 0x4A27, 0x6AE9, 0x0000, 0x0000, 0x0000, 0x3144, 0x3144, 0x3144, 0x3144, 0x3144, 0x3144, 0x3144, 0x3144,
 0x3144, 0x3144, 0x3144, 0x3144, 0x3144, 0x3144, 0x3144, 0x3144, 0x3144, 0x0000, 0x20E2, 0x20E2, 0x3144, 0x49E6, 0x3144, 0x3144,
 0x20E2, 0x3144, 0x20E2, 0x0000, 0x0000, 0x18A2, 0x3144, 0x49E6, 0x4A27, 0x4A27, 0x4A27, 0x4A27, 0x4A27, 0x4A27, 0x18A2, 0x0000,
 0x0000, 0x6AE9, 0x5A88, 0x4A27, 0x4A27, 0x4A27, 0x4A27, 0x4A27, 0x4A27, 0x20E2, 0x20E2, 0x6AE9, 0x4A27, 0x4A27, 0x4A27, 0x4A27,
 0x0000, 0x0000, 0x0000, 0x20E2, 0x20E2, 0x20E2, 0x20E2, 0x20E2, 0x20E2, 0x20E2, 0x20E2, 0x20E2, 0x20E2, 0x20E2, 0x20E2, 0x20E2,
 0x20E2, 0x20E2, 0x20E2, 0x20E2, 0x20E2, 0x0000, 0x20E2, 0x20E2, 0x3144, 0x49E6, 0x49E6, 0x3144, 0x20E2, 0x3144, 0x20E2, 0x0000,
 0x0000, 0x18A2, 0x3144, 0x49E6, 0x4A27, 0x4A27, 0x5A88, 0x4A27, 0x4A27, 0x4A27, 0x18A2, 0x0000, 0x6AE9, 0x5A88, 0x5A88, 0x4A27,
 0x4A27, 0x4A27, 0x4A27, 0x4A27, 0x5A88, 0x20E2, 0x6AE9, 0x4A27, 0x4A27, 0x4A27, 0x4A27, 0x0000, 0x0000, 0x0000, 0x20E2, 0x20E2,
 0x20E2, 0x20E2, 0x20E2, 0x20E2, 0x20E2, 0x20E2, 0x20E2, 0x20E2, 0x20E2, 0x20E2, 0x20E2, 0x20E2, 0x20E2, 0x20E2, 0x20E2, 0x20E2,
 0x20E2, 0x0000, 0x20E2, 0x20E2, 0x3144, 0x49E6, 0x3144, 0x3144, 0x20E2, 0x3144, 0x20E2, 0x0000, 0x0000, 0x18A2, 0x3144, 0x49E6,
 0x4A27, 0x4A27, 0x5A88, 0x4A27, 0x4A27, 0x4A27, 0x18A2, 0x18A2, 0x62C9, 0x5A88, 0x4A27, 0x4A27, 0x5A88, 0x5A88, 0x5A88, 0x5A88,
 0x5A88, 0x5A88, 0x4A27, 0x4A27, 0x4A27, 0x4A27, 0x0000, 0x0000, 0x0000, 0x3144, 0x3144, 0x3144, 0x3144, 0x3144, 0x3144, 0x3144,
 0x3144, 0x3144, 0x3144, 0x3144, 0x3144, 0x3144, 0x3144, 0x3144, 0x3144, 0x3144, 0x3144, 0x3144, 0x3144, 0x0000, 0x20E2, 0x20E2,
 0x3144, 0x49E6, 0x3144, 0x3144, 0x20E2, 0x3144, 0x20E2, 0x0000, 0x0000, 0x18A2, 0x3144, 0x49E6, 0x4A27, 0x4A27, 0x5A88, 0x4A27,
 0x4A27, 0x4A27, 0x18A2, 0x18A2, 0x5A88, 0x5A88, 0x4A27, 0x4A27, 0x5A88, 0x5A88, 0x62C9, 0x20E2, 0x5A88, 0x4A27, 0x4A27, 0x4A27,
 0x4A27, 0x0000, 0x0000, 0x0000, 0x3144, 0x3144, 0x49E6, 0x49E6, 0x49E6, 0x49E6, 0x49E6, 0x49E6, 0x49E6, 0x49E6, 0x49E6, 0x49E6,
 0x49E6, 0x49E6, 0x49E6, 0x49E6, 0x49E6, 0x49E6, 0x49E6, 0x49E6, 0x3144, 0x0000, 0x20E2, 0x20E2, 0x3144, 0x49E6, 0x3144, 0x3144,
 0x20E2, 0x3144, 0x20E2, 0x0000, 0x0000, 0x18A2, 0x3144, 0x49E6, 0x4A27, 0x4A27, 0x5A88, 0x4A27, 0x4A27, 0x4A27, 0x18A2, 0x18A2,
 0x5A88, 0x5A88, 0x5A88, 0x5A88, 0x5A88, 0x5A88, 0x20E2, 0x5A88, 0x4A27, 0x4A27, 0x4A27, 0x5A88, 0x6AE9, 0x0000, 0x0000, 0x3144,
 0x3144, 0x49E6, 0x49E6, 0x49E6, 0x49E6, 0x49E6, 0x49E6, 0x49E6, 0x49E6, 0x49E6, 0x49E6, 0x49E6, 0x49E6, 0x49E6, 0x49E6, 0x49E6,
 0x49E6, 0x49E6, 0x49E6, 0x49E6, 0x3144, 0x0000, 0x20E2, 0x20E2, 0x3144, 0x49E6, 0x3144, 0x3144, 0x20E2, 0x3144, 0x20E2, 0x0000,
 0x0000, 0x18A2, 0x3144, 0x49E6, 0x4A27, 0x4A27, 0x5A88, 0x4A27, 0x4A27, 0x4A27, 0x18A2, 0x18A2, 0x5A88, 0x5A88, 0x5A88, 0x5A88,
 0x62C9, 0x20E2, 0x20E2, 0x4A27, 0x4A27, 0x4A27, 0x4A27, 0x6AE9, 0x0000, 0x0000, 0x3144, 0x3144, 0x49E6, 0x49E6, 0x49E6, 0x49E6,
 0x49E6, 0x49E6, 0x49E6, 0x49E6, 0x49E6, 0x49E6, 0x49E6, 0x49E6, 0x49E6, 0x49E6, 0x49E6, 0x49E6, 0x49E6, 0x49E6, 0x49E6, 0x49E6,
 0x3144, 0x0000, 0x20E2, 0x20E2, 0x3144, 0x49E6, 0x20E2, 0x20E2, 0x20E2, 0x3144, 0x20E2, 0x0000, 0x0000, 0x18A2, 0x5A88, 0x5A88,
 0x62C9, 0x62C9, 0x5A88, 0x62C9, 0x62C9, 0x62C9, 0x18A2, 0x18A2, 0x6AE9, 0x6AE9, 0x6AE9, 0x6AE9, 0x6AE9, 0x20E2, 0x62C9, 0x5A88,
 0x5A88, 0x5A88, 0x6AE9, 0x0000, 0x0000, 0x20E2, 0x3144, 0x3144, 0x3144, 0x3144, 0x3144, 0x3144, 0x3144, 0x3144, 0x3144, 0x3144,
 0x3144, 0x3144, 0x3144, 0x3144, 0x3144, 0x3144, 0x3144, 0x3144, 0x3144, 0x3144, 0x3144, 0x3144, 0x3144, 0x0000, 0x20E2, 0x20E2,
 0x20E2, 0x20E2, 0x20E2, 0x20E2, 0x20E2, 0x20E2, 0x20E2, 0x0000, 0x0000, 0x0000, 0x0000, 0x0000, 0x0000, 0x0000, 0x0000, 0x0000,
 0x0000, 0x0000, 0x0000, 0x0000, 0x0000, 0x0000, 0x0000, 0x0000, 0x0000, 0x0000, 0x0000, 0x18A2, 0x18A2, 0x18A2, 0x0000, 0x0000,
 0x0000, 0x18A2, 0x18A2, 0x18A2, 0x18A2, 0x18A2, 0x18A2, 0x18A2, 0x18A2, 0x18A2, 0x0000, 0x0000, 0x0000, 0x0000, 0x0000, 0x0000,
 0x0000, 0x0000, 0x0000, 0x0000, 0x0000, 0x0000, 0x0000, 0x0000, 0x0000, 0x0000, 0x0000, 0x0000, 0x0000, 0x0000, 0x0000, 0x0000,
 0x0000, 0x0000, 0x0000, 0x0000, 0x0000, 0x0000, 0x18A2, 0x18A2, 0x18A2, 0x18A2, 0x18A2, 0x18A2, 0x18A2, 0x18A2, 0x18A2, 0x18A2,
 0x18A2, 0x18A2, 0x18A2, 0x18A2, 0x18A2, 0x0000, 0x0000, 0x0000, 0x0000, 0x0000, 0x0000, 0x0000, 0x0000, 0x0000, 0x0000, 0x0000,
 0x0000, 0x0000, 0x0000, 0x0000, 0x0000, 0x0000, 0x0000, 0x0000, 0x0000, 0x18A2, 0x18A2, 0x18A2, 0x18A2, 0x18A2, 0x18A2, 0x18A2,
 0x18A2, 0x18A2, 0x18A2, 0x18A2, 0x18A2, 0x18A2, 0x18A2, 0x18A2, 0x18A2, 0x18A2, 0x18A2, 0x18A2, 0x18A2, 0x18A2, 0x18A2, 0x0000,
 0x0000, 0x0000, 0x18A2, 0x3144, 0x3144, 0x3144, 0x3144, 0x3144, 0x3144, 0x3144, 0x3144, 0x3144, 0x3144, 0x3144, 0x3144, 0x3144,
 0x3144, 0x3144, 0x3144, 0x3144, 0x3144, 0x3144, 0x3144, 0x3144, 0x3144, 0x3144, 0x3144, 0x3144, 0x3144, 0x3144, 0x3144, 0x3144,
 0x3144, 0x3144, 0x3144, 0x3144, 0x3144, 0x3144, 0x3144, 0x3144, 0x3144, 0x3144, 0x3144, 0x3144, 0x3144, 0x3144, 0x3144, 0x3144,
 0x3144, 0x3144, 0x3144, 0x3144, 0x3144, 0x3144, 0x3144, 0x3144, 0x3144, 0x3144, 0x18A2, 0x0000, 0x0000, 0x0000, 0x18A2, 0x3144,
 0x3144, 0x3144, 0x3144, 0x3144, 0x3144, 0x3144, 0x3144, 0x3144, 0x3144, 0x3144, 0x3144, 0x3144, 0x3144, 0x3144, 0x3144, 0x3144,
 0x3144, 0x3144, 0x3144, 0x3144, 0x3144, 0x3144, 0x3144, 0x3144, 0x3144, 0x3144, 0x3144, 0x3144, 0x3144, 0x3144, 0x3144, 0x3144,
 0x3144, 0x3144, 0x3144, 0x3144, 0x3144, 0x3144, 0x3144, 0x3144, 0x3144, 0x3144, 0x3144, 0x3144, 0x3144, 0x3144, 0x3144, 0x3144,
 0x3144, 0x3144, 0x3144, 0x3144, 0x3144, 0x3144, 0x18A2, 0x0000, 0x0000, 0x0000, 0x3144, 0x3144, 0x3144, 0x3144, 0x3144, 0x3144,
 0x3144, 0x3144, 0x3144, 0x3144, 0x3144, 0x3144, 0x3144, 0x3144, 0x3144, 0x3144, 0x3144, 0x3144, 0x3144, 0x3144, 0x3144, 0x3144,
 0x4A27, 0x4A27, 0x3144, 0x3144, 0x3144, 0x3144, 0x3144, 0x3144, 0x3144, 0x3144, 0x3144, 0x3144, 0x3144, 0x3144, 0x3144, 0x3144,
 0x3144, 0x3144, 0x3144, 0x3144, 0x3144, 0x3144, 0x3144, 0x3144, 0x3144, 0x3144, 0x3144, 0x3144, 0x3144, 0x3144, 0x3144, 0x3144,
 0x3144, 0x3144, 0x18A2, 0x0000, 0x0000, 0x0000, 0x3144, 0x3144, 0x3144, 0x3144, 0x3144, 0x3144, 0x3144, 0x3144, 0x3144, 0x3144,
 0x3144, 0x3144, 0x3144, 0x3144, 0x3144, 0x3144, 0x3144, 0x3144, 0x3144, 0x4A27, 0x4A27, 0x3144, 0x4A27, 0x4A27, 0x4A27, 0x3144,
 0x3144, 0x3144, 0x3144, 0x3144, 0x3144, 0x3144, 0x3144, 0x3144, 0x3144, 0x3144, 0x3144, 0x3144, 0x3144, 0x3144, 0x3144, 0x3144,
 0x3144, 0x3144, 0x3144, 0x3144, 0x3144, 0x3144, 0x3144, 0x3144, 0x3144, 0x3144, 0x3144, 0x3144, 0x3144, 0x3144, 0x18A2, 0x0000,
 0x0000, 0x0000, 0x3144, 0x3144, 0x3144, 0x3144, 0x3144, 0x3144, 0x3144, 0x3144, 0x3144, 0x3144, 0x3144, 0x3144, 0x3144, 0x3144,
 0x3144, 0x3144, 0x3144, 0x3144, 0x4A27, 0x4A27, 0x4A27, 0x3144, 0x62C9, 0x62C9, 0x3144, 0x3144, 0x3144, 0x3144, 0x3144, 0x3144,
 0x3144, 0x3144, 0x3144, 0x3144, 0x3144, 0x3144, 0x3144, 0x3144, 0x3144, 0x3144, 0x3144, 0x3144, 0x3144, 0x3144, 0x3144, 0x3144,
 0x3144, 0x3144, 0x3144, 0x3144, 0x3144, 0x3144, 0x3144, 0x3144, 0x3144, 0x3144, 0x18A2, 0x0000, 0x0000, 0x0000, 0x3144, 0x4A27,
 0x4A27, 0x4A27, 0x4A27, 0x4A27, 0x4A27, 0x4A27, 0x4A27, 0x4A27, 0x4A27, 0x4A27, 0x4A27, 0x4A27, 0x4A27, 0x4A27, 0x4A27, 0x4A27,
 0x4A27, 0x4A27, 0x4A27, 0x4A27, 0x4A27, 0x4A27, 0x4A27, 0x4A27, 0x4A27, 0x4A27, 0x4A27, 0x4A27, 0x4A27, 0x4A27, 0x4A27, 0x4A27,
 0x4A27, 0x4A27, 0x4A27, 0x4A27, 0x4A27, 0x4A27, 0x4A27, 0x4A27, 0x4A27, 0x4A27, 0x4A27, 0x4A27, 0x4A27, 0x4A27, 0x4A27, 0x4A27,
 0x4A27, 0x4A27, 0x4A27, 0x4A27, 0x4A27, 0x4A27, 0x18A2, 0x0000, 0x0000, 0x0000, 0x3144, 0x4A27, 0x4A27, 0x4A27, 0x4A27, 0x4A27,
 0x4A27, 0x4A27, 0x4A27, 0x4A27, 0x4A27, 0x4A27, 0x4A27, 0x4A27, 0x4A27, 0x4A27, 0x4A27, 0x4A27, 0x4A27, 0x4A27, 0x4A27, 0x4A27,
 0x4A27, 0x4A27, 0x4A27, 0x4A27, 0x4A27, 0x4A27, 0x4A27, 0x4A27, 0x4A27, 0x4A27, 0x4A27, 0x4A27, 0x4A27, 0x4A27, 0x4A27, 0x4A27,
 0x4A27, 0x4A27, 0x4A27, 0x4A27, 0x4A27, 0x4A27, 0x4A27, 0x4A27, 0x4A27, 0x4A27, 0x4A27, 0x4A27, 0x4A27, 0x4A27, 0x4A27, 0x4A27,
 0x4A27, 0x4A27, 0x20E2, 0x0000, 0x0000, 0x0000, 0x4A27, 0x4A27, 0x4A27, 0x4A27, 0x4A27, 0x4A27, 0x5A88, 0x4A27, 0x4A27, 0x4A27,
 0x4A27, 0x4A27, 0x4A27, 0x4A27, 0x4A27, 0x4A27, 0x4A27, 0x4A27, 0x4A27, 0x4A27, 0x4A27, 0x4A27, 0x4A27, 0x4A27, 0x4A27, 0x4A27,
 0x4A27, 0x5A88, 0x5A88, 0x5A88, 0x5A88, 0x5A88, 0x5A88, 0x5A88, 0x5A88, 0x5A88, 0x5A88, 0x5A88, 0x5A88, 0x4A27, 0x4A27, 0x4A27,
 0x4A27, 0x4A27, 0x4A27, 0x4A27, 0x4A27, 0x4A27, 0x4A27, 0x4A27, 0x4A27, 0x20E2, 0x20E2, 0x20E2, 0x4A27, 0x4A27, 0x20E2, 0x0000,
 0x0000, 0x0000, 0x4A27, 0x4A27, 0x4A27, 0x4A27, 0x4A27, 0x20E2, 0x20E2, 0x20E2, 0x4A27, 0x4A27, 0x4A27, 0x4A27, 0x4A27, 0x4A27,
 0x4A27, 0x4A27, 0x4A27, 0x4A27, 0x4A27, 0x4A27, 0x4A27, 0x4A27, 0x4A27, 0x4A27, 0x4A27, 0x4A27, 0x5A88, 0x5A88, 0x5A88, 0x5A88,
 0x5A88, 0x5A88, 0x5A88, 0x5A88, 0x5A88, 0x5A88, 0x5A88, 0x5A88, 0x5A88, 0x4A27, 0x4A27, 0x4A27, 0x20E2, 0x4A27, 0x4A27, 0x4A27,
 0x4A27, 0x4A27, 0x4A27, 0x4A27, 0x4A27, 0x4A27, 0x4A27, 0x4A27, 0x4A27, 0x4A27, 0x20E2, 0x0000, 0x0000, 0x0000, 0x4A27, 0x4A27,
 0x4A27, 0x4A27, 0x4A27, 0x20E2, 0x20E2, 0x20E2, 0x4A27, 0x4A27, 0x4A27, 0x4A27, 0x4A27, 0x4A27, 0x4A27, 0x4A27, 0x4A27, 0x4A27,
 0x4A27, 0x4A27, 0x4A27, 0x4A27, 0x4A27, 0x4A27, 0x4A27, 0x4A27, 0x5A88, 0x62C9, 0x5A88, 0x62C9, 0x62C9, 0x5A88, 0x62C9, 0x5A88,
 0x4A27, 0x4A27, 0x4A27, 0x4A27, 0x4A27, 0x4A27, 0x4A27, 0x4A27, 0x20E2, 0x4A27, 0x4A27, 0x4A27, 0x4A27, 0x4A27, 0x4A27, 0x4A27,
 0x4A27, 0x4A27, 0x4A27, 0x4A27, 0x4A27, 0x4A27, 0x20E2, 0x0000, 0x0000, 0x0000, 0x0000, 0x20E2, 0x20E2, 0x20E2, 0x20E2, 0x20E2,
 0x20E2, 0x20E2, 0x20E2, 0x20E2, 0x20E2, 0x20E2, 0x20E2, 0x20E2, 0x20E2, 0x20E2, 0x20E2, 0x20E2, 0x20E2, 0x20E2, 0x20E2, 0x20E2,
 0x20E2, 0x20E2, 0x20E2, 0x20E2, 0x20E2, 0x20E2, 0x20E2, 0x20E2, 0x20E2, 0x20E2, 0x20E2, 0x20E2, 0x20E2, 0x20E2, 0x20E2, 0x20E2,
 0x20E2, 0x20E2, 0x20E2, 0x20E2, 0x20E2, 0x20E2, 0x20E2, 0x20E2, 0x20E2, 0x20E2, 0x20E2, 0x20E2, 0x20E2, 0x20E2, 0x20E2, 0x20E2,
 0x20E2, 0x20E2, 0x20E2, 0x0000, 0x0000, 0x0000, 0x0000, 0x0000, 0x0000, 0x0000, 0x0000, 0x0000, 0x0000, 0x0000, 0x0000, 0x0000,
 0x0000, 0x0000, 0x0000, 0x0000, 0x0000, 0x0000, 0x0000, 0x0000, 0x0000, 0x0000, 0x0000, 0x0000, 0x0000, 0x0000, 0x0000, 0x0000,
 0x0000, 0x0000, 0x0000, 0x0000, 0x0000, 0x0000, 0x0000, 0x0000, 0x0000, 0x0000, 0x0000, 0x0000, 0x0000, 0x0000, 0x0000, 0x0000,
 0x0000, 0x0000, 0x0000, 0x0000, 0x0000, 0x0000, 0x0000, 0x0000, 0x0000, 0x0000, 0x0000, 0x0000, 0x0000, 0x0000, 0x0000, 0x0000,

};

const unsigned short box_orange[] = {
 0x014C, 0x014C, 0x014C, 0x014C, 0x014C, 0x014C, 0x014C, 0x014C, 0x014C, 0x014C, 0x014C, 0x014C, 0x014C, 0x014C, 0x014C, 0x014C,
 0x014C, 0x014C, 0x014C, 0x014C, 0x014C, 0x014C, 0x014C, 0x014C, 0x014C, 0x014C, 0x014C, 0x014C, 0x014C, 0x014C, 0x014C, 0x014C,
 0x014C, 0x014C, 0x014C, 0x014C, 0x014C, 0x014C, 0x014C, 0x014C, 0x014C, 0x014C, 0x014C, 0x014C, 0x014C, 0x014C, 0x014C, 0x014C,
 0x014C, 0x014C, 0x014C, 0x014C, 0x014C, 0x014C, 0x014C, 0x014C, 0x014C, 0x014C, 0x014C, 0x014C, 0x014C, 0x014C, 0x014C, 0x014C,
 0x014C, 0x014C, 0x014C, 0x014C, 0x014C, 0x014C, 0x014C, 0x014C, 0x014C, 0x014C, 0x014C, 0x014C, 0x014C, 0x014C, 0x014C, 0x014C,
 0x014C, 0x014C, 0x014C, 0x014C, 0x014C, 0x014C, 0x014C, 0x014C, 0x014C, 0x014C, 0x014C, 0x014C, 0x014C, 0x014C, 0x014C, 0x014C,
 0x014C, 0x014C, 0x014C, 0x014C, 0x014C, 0x014C, 0x014C, 0x014C, 0x014C, 0x014C, 0x014C, 0x014C, 0x014C, 0x014C, 0x014C, 0x014C,
 0x014C, 0x014C, 0x014C, 0x014C, 0x014C, 0x014C, 0x014C, 0x014C, 0x014C, 0x014C, 0x01F2, 0x02B9, 0x02B9, 0x02B9, 0x02B9, 0x02B9,
 0x02B9, 0x02B9, 0x02B9, 0x02B9, 0x02B9, 0x02B9, 0x02B9, 0x02B9, 0x02B9, 0x02B9, 0x02B9, 0x02B9, 0x02B9, 0x02B9, 0x02B9, 0x02B9,
 0x02B9, 0x02B9, 0x02B9, 0x02B9, 0x02B9, 0x02B9, 0x02B9, 0x02B9, 0x02B9, 0x02B9, 0x02B9, 0x02B9, 0x02B9, 0x02B9, 0x02B9, 0x02B9,
 0x02B9, 0x02B9, 0x02B9, 0x02B9, 0x02B9, 0x02B9, 0x02B9, 0x02B9, 0x02B9, 0x02B9, 0x02B9, 0x02B9, 0x02B9, 0x02B9, 0x02B9, 0x02B9,
 0x02B9, 0x02B9, 0x014C, 0x014C, 0x014C, 0x014C, 0x01F2, 0x02B9, 0x02B9, 0x02B9, 0x02B9, 0x02B9, 0x02B9, 0x02B9, 0x02B9, 0x02B9,
 0x02B9, 0x02B9, 0x02B9, 0x02B9, 0x02B9, 0x02B9, 0x02B9, 0x02B9, 0x02B9, 0x02B9, 0x02B9, 0x02B9, 0x02B9, 0x02B9, 0x02B9, 0x02B9,
 0x02B9, 0x02B9, 0x02B9, 0x02B9, 0x02B9, 0x02B9, 0x02B9, 0x02B9, 0x02B9, 0x02B9, 0x02B9, 0x02B9, 0x02B9, 0x02B9, 0x01F2, 0x01F2,
 0x014C, 0x014C, 0x02B9, 0x02B9, 0x02B9, 0x02B9, 0x02B9, 0x02B9, 0x02B9, 0x02B9, 0x02B9, 0x02B9, 0x02B9, 0x02B9, 0x014C, 0x014C,
 0x014C, 0x014C, 0x01F2, 0x02B9, 0x031C, 0x031C, 0x031C, 0x031C, 0x031C, 0x031C, 0x031C, 0x031C, 0x031C, 0x031C, 0x031C, 0x031C,
 0x031C, 0x031C, 0x031C, 0x031C, 0x031C, 0x031C, 0x031C, 0x031C, 0x02B9, 0x02B9, 0x02B9, 0x02B9, 0x02B9, 0x02B9, 0x02B9, 0x02B9,
 0x02B9, 0x02B9, 0x02B9, 0x02B9, 0x02B9, 0x02B9, 0x02B9, 0x02B9, 0x02B9, 0x02B9, 0x01F2, 0x01F2, 0x031C, 0x031C, 0x031C, 0x031C,
 0x031C, 0x031C, 0x031C, 0x031C, 0x02B9, 0x02B9, 0x02B9, 0x02B9, 0x02B9, 0x02B9, 0x014C, 0x014C, 0x014C, 0x014C, 0x01F2, 0x01F2,
 0x031C, 0x031C, 0x031C, 0x033E, 0x033E, 0x033E, 0x033E, 0x033E, 0x033E, 0x033E, 0x033E, 0x033E, 0x033E, 0x033E, 0x033E, 0x033E,
 0x033E, 0x033E, 0x033E, 0x033E, 0x02B9, 0x02B9, 0x02B9, 0x02B9, 0x02B9, 0x033E, 0x02B9, 0x02B9, 0x033E, 0x02B9, 0x02B9, 0x033E,
 0x031C, 0x031C, 0x033E, 0x033E, 0x033E, 0x031C, 0x031C, 0x02B9, 0x033E, 0x033E, 0x033E, 0x033E, 0x033E, 0x033E, 0x033E, 0x033E,
 0x033E, 0x033E, 0x033E, 0x02B9, 0x02B9, 0x02B9, 0x014C, 0x014C, 0x014C, 0x014C, 0x01F2, 0x01F2, 0x031C, 0x031C, 0x031C, 0x031C,
 0x031C, 0x031C, 0x02B9, 0x033E, 0x031C, 0x031C, 0x031C, 0x031C, 0x031C, 0x031C, 0x031C, 0x031C, 0x031C, 0x031C, 0x031C, 0x033E,
 0x033E, 0x02B9, 0x033E, 0x033E, 0x033E, 0x033E, 0x033E, 0x033E, 0x033E, 0x033E, 0x033E, 0x033E, 0x033E, 0x02B9, 0x033E, 0x033E,
 0x033E, 0x033E, 0x033E, 0x033E, 0x033E, 0x033E, 0x033E, 0x033E, 0x033E, 0x033E, 0x033E, 0x033E, 0x02B9, 0x02B9, 0x02B9, 0x02B9,
 0x02B9, 0x02B9, 0x014C, 0x014C, 0x014C, 0x014C, 0x01F2, 0x02B9, 0x033E, 0x033E, 0x033E, 0x033E, 0x033E, 0x033E, 0x033E, 0x033E,
 0x033E, 0x033E, 0x033E, 0x033E, 0x033E, 0x033E, 0x033E, 0x033E, 0x033E, 0x031C, 0x033E, 0x033E, 0x033E, 0x033E, 0x033E, 0x033E,
 0x033E, 0x033E, 0x033E, 0x033E, 0x033E, 0x033E, 0x033E, 0x033E, 0x033E, 0x033E, 0x033E, 0x033E, 0x033E, 0x033E, 0x033E, 0x033E,
 0x033E, 0x033E, 0x033E, 0x033E, 0x033E, 0x033E, 0x033E, 0x033E, 0x033E, 0x033E, 0x033E, 0x033E, 0x02B9, 0x02B9, 0x014C, 0x014C,
 0x014C, 0x014C, 0x01F2, 0x02B9, 0x033E, 0x033E, 0x033E, 0x033E, 0x033E, 0x033E, 0x033E, 0x033E, 0x033E, 0x033E, 0x033E, 0x033E,
 0x033E, 0x033E, 0x033E, 0x033E, 0x033E, 0x033E, 0x033E, 0x033E, 0x033E, 0x033E, 0x033E, 0x031C, 0x031C, 0x031C, 0x031C, 0x031C,
 0x031C, 0x033E, 0x033E, 0x033E, 0x033E, 0x033E, 0x02B9, 0x01F2, 0x01F2, 0x01F2, 0x01F2, 0x01F2, 0x02B9, 0x02B9, 0x02B9, 0x01F2,
 0x01F2, 0x01F2, 0x01F2, 0x01F2, 0x01F2, 0x01F2, 0x01F2, 0x01F2, 0x02B9, 0x02B9, 0x014C, 0x014C, 0x014C, 0x014C, 0x01F2, 0x01F2,
 0x01F2, 0x01F2, 0x031C, 0x031C, 0x031C, 0x031C, 0x031C, 0x031C, 0x031C, 0x031C, 0x031C, 0x031C, 0x031C, 0x031C, 0x031C, 0x031C,
 0x031C, 0x031C, 0x031C, 0x031C, 0x031C, 0x031C, 0x033E, 0x033E, 0x031C, 0x031C, 0x031C, 0x031C, 0x031C, 0x031C, 0x033E, 0x033E,
 0x033E, 0x033E, 0x033E, 0x033E, 0x02B9, 0x02B9, 0x01F2, 0x01F2, 0x01F2, 0x01F2, 0x01F2, 0x01F2, 0x01F2, 0x01F2, 0x01F2, 0x01F2,
 0x01F2, 0x01F2, 0x01F2, 0x01F2, 0x02B9, 0x02B9, 0x014C, 0x014C, 0x014C, 0x014C, 0x01F2, 0x02B9, 0x02B9, 0x02B9, 0x02B9, 0x033E,
 0x033E, 0x033E, 0x033E, 0x033E, 0x033E, 0x033E, 0x033E, 0x033E, 0x033E, 0x033E, 0x033E, 0x033E, 0x033E, 0x033E, 0x033E, 0x033E,
 0x031C, 0x031C, 0x033E, 0x033E, 0x033E, 0x033E, 0x031C, 0x031C, 0x031C, 0x031C, 0x033E, 0x033E, 0x033E, 0x033E, 0x033E, 0x033E,
 0x033E, 0x033E, 0x033E, 0x033E, 0x033E, 0x033E, 0x033E, 0x033E, 0x033E, 0x033E, 0x033E, 0x033E, 0x033E, 0x01F2, 0x01F2, 0x01F2,
 0x02B9, 0x02B9, 0x014C, 0x014C, 0x014C, 0x014C, 0x01F2, 0x02B9, 0x02B9, 0x033E, 0x033E, 0x033E, 0x033E, 0x033E, 0x033E, 0x033E,
 0x033E, 0x033E, 0x033E, 0x033E, 0x033E, 0x033E, 0x033E, 0x033E, 0x033E, 0x033E, 0x033E, 0x033E, 0x033E, 0x033E, 0x033E, 0x033E,
 0x033E, 0x033E, 0x033E, 0x031C, 0x033E, 0x033E, 0x033E, 0x033E, 0x033E, 0x033E, 0x033E, 0x033E, 0x033E, 0x033E, 0x033E, 0x031C,
 0x031C, 0x031C, 0x031C, 0x031C, 0x031C, 0x031C, 0x031C, 0x033E, 0x033E, 0x01F2, 0x01F2, 0x02B9, 0x02B9, 0x031C, 0x014C, 0x014C,
 0x014C, 0x014C, 0x014C, 0x014C, 0x014C, 0x014C, 0x014C, 0x014C, 0x014C, 0x014C, 0x014C, 0x014C, 0x014C, 0x014C, 0x014C, 0x014C,
 0x014C, 0x014C, 0x014C, 0x014C, 0x014C, 0x014C, 0x014C, 0x014C, 0x014C, 0x014C, 0x014C, 0x014C, 0x014C, 0x014C, 0x014C, 0x014C,
 0x014C, 0x014C, 0x014C, 0x014C, 0x014C, 0x014C, 0x014C, 0x014C, 0x014C, 0x014C, 0x014C, 0x014C, 0x014C, 0x014C, 0x014C, 0x014C,
 0x014C, 0x014C, 0x014C, 0x014C, 0x014C, 0x014C, 0x014C, 0x014C, 0x014C, 0x014C, 0x014C, 0x014C, 0x014C, 0x014C, 0x014C, 0x014C,
 0x014C, 0x014C, 0x014C, 0x014C, 0x014C, 0x014C, 0x014C, 0x014C, 0x014C, 0x014C, 0x014C, 0x014C, 0x014C, 0x014C, 0x014C, 0x014C,
 0x014C, 0x014C, 0x014C, 0x014C, 0x014C, 0x014C, 0x014C, 0x014C, 0x014C, 0x014C, 0x014C, 0x014C, 0x014C, 0x014C, 0x014C, 0x014C,
 0x014C, 0x014C, 0x014C, 0x014C, 0x014C, 0x014C, 0x014C, 0x014C, 0x014C, 0x014C, 0x014C, 0x014C, 0x014C, 0x014C, 0x014C, 0x014C,
 0x014C, 0x014C, 0x014C, 0x014C, 0x014C, 0x014C, 0x014C, 0x014C, 0x014C, 0x014C, 0x014C, 0x01F2, 0x0214, 0x0214, 0x0214, 0x0214,
 0x0214, 0x0214, 0x014C, 0x014C, 0x0277, 0x0277, 0x0277, 0x0277, 0x0277, 0x0277, 0x0277, 0x0277, 0x0277, 0x0277, 0x0277, 0x0277,
 0x0277, 0x0277, 0x0277, 0x0277, 0x0277, 0x0277, 0x0277, 0x0277, 0x0277, 0x0277, 0x0214, 0x014C, 0x02B9, 0x02B9, 0x02B9, 0x0214,
 0x0214, 0x02B9, 0x02B9, 0x02B9, 0x02B9, 0x02B9, 0x02B9, 0x02B9, 0x0214, 0x014C, 0x01F2, 0x031C, 0x031C, 0x031C, 0x031C, 0x031C,
 0x031C, 0x031C, 0x031C, 0x014C, 0x014C, 0x014C, 0x01F2, 0x01F2, 0x02B9, 0x0214, 0x031C, 0x031C, 0x0214, 0x031C, 0x014C, 0x014C,
 0x0277, 0x02B9, 0x02B9, 0x02B9, 0x02B9, 0x02B9, 0x02B9, 0x02B9, 0x02B9, 0x02B9, 0x02B9, 0x02B9, 0x02B9, 0x02B9, 0x02B9, 0x02B9,
 0x02B9, 0x02B9, 0x02B9, 0x0277, 0x0277, 0x0214, 0x014C, 0x014C, 0x0214, 0x033E, 0x0214, 0x0214, 0x02B9, 0x02B9, 0x033E, 0x033E,
 0x02B9, 0x02B9, 0x033E, 0x033E, 0x0214, 0x014C, 0x01F2, 0x0277, 0x0277, 0x0277, 0x0277, 0x0277, 0x0277, 0x0277, 0x01F2, 0x014C,
 0x014C, 0x014C, 0x01F2, 0x01F2, 0x02B9, 0x0214, 0x031C, 0x031C, 0x031C, 0x031C, 0x014C, 0x014C, 0x0277, 0x02B9, 0x02B9, 0x02B9,
 0x02B9, 0x02B9, 0x02B9, 0x02B9, 0x02B9, 0x02B9, 0x02B9, 0x02B9, 0x02B9, 0x02B9, 0x02B9, 0x02B9, 0x02B9, 0x02B9, 0x02B9, 0x0277,
 0x0214, 0x014C, 0x014C, 0x0214, 0x033E, 0x033E, 0x0214, 0x02B9, 0x02B9, 0x0214, 0x033E, 0x02B9, 0x02B9, 0x033E, 0x033E, 0x033E,
 0x0214, 0x014C, 0x01F2, 0x0277, 0x0277, 0x0277, 0x0277, 0x031C, 0x031C, 0x0277, 0x01F2, 0x014C, 0x014C, 0x014C, 0x01F2, 0x01F2,
 0x02B9, 0x0214, 0x031C, 0x031C, 0x031C, 0x031C, 0x014C, 0x014C, 0x0277, 0x02B9, 0x02B9, 0x02B9, 0x02B9, 0x02B9, 0x02B9, 0x02B9,
 0x02B9, 0x02B9, 0x02B9, 0x02B9, 0x02B9, 0x02B9, 0x02B9, 0x02B9, 0x02B9, 0x02B9, 0x0277, 0x0214, 0x014C, 0x014C, 0x0214, 0x033E,
 0x033E, 0x0214, 0x0214, 0x0214, 0x02B9, 0x033E, 0x033E, 0x02B9, 0x033E, 0x033E, 0x033E, 0x033E, 0x0214, 0x014C, 0x01F2, 0x0277,
 0x0277, 0x0277, 0x033E, 0x033E, 0x033E, 0x02B9, 0x01F2, 0x014C, 0x014C, 0x014C, 0x0277, 0x01F2, 0x02B9, 0x0214, 0x031C, 0x031C,
 0x031C, 0x031C, 0x014C, 0x014C, 0x0277, 0x0277, 0x0277, 0x0277, 0x0277, 0x0277, 0x0277, 0x0277, 0x0277, 0x0277, 0x0277, 0x0277,
 0x0277, 0x0277, 0x0277, 0x0277, 0x0277, 0x0277, 0x0214, 0x014C, 0x014C, 0x0214, 0x033E, 0x033E, 0x0214, 0x0214, 0x033E, 0x033E,
 0x033E, 0x033E, 0x033E, 0x033E, 0x033E, 0x033E, 0x033E, 0x0214, 0x014C, 0x014C, 0x01F2, 0x0277, 0x0277, 0x0214, 0x033E, 0x033E,
 0x033E, 0x02B9, 0x01F2, 0x014C, 0x014C, 0x014C, 0x0277, 0x0277, 0x02B9, 0x0214, 0x031C, 0x031C, 0x031C, 0x031C, 0x014C, 0x014C,
 0x0214, 0x0214, 0x0214, 0x0214, 0x0214, 0x0214, 0x0214, 0x0214, 0x0214, 0x0214, 0x0214, 0x0214, 0x0214, 0x0214, 0x0214, 0x0214,
 0x0214, 0x0214, 0x014C, 0x014C, 0x0214, 0x033E, 0x033E, 0x031C, 0x0214, 0x033E, 0x033E, 0x033E, 0x033E, 0x033E, 0x033E, 0x033E,
 0x033E, 0x033E, 0x0214, 0x014C, 0x014C, 0x014C, 0x01F2, 0x0277, 0x0277, 0x0214, 0x033E, 0x033E, 0x033E, 0x02B9, 0x01F2, 0x014C,
 0x014C, 0x014C, 0x0277, 0x0277, 0x033E, 0x0214, 0x031C, 0x031C, 0x031C, 0x031C, 0x014C, 0x014C, 0x0214, 0x0214, 0x0214, 0x0214,
 0x0214, 0x0214, 0x0214, 0x0214, 0x0214, 0x0214, 0x0214, 0x0214, 0x0214, 0x0214, 0x0214, 0x0214, 0x0214, 0x014C, 0x014C, 0x0214,
 0x033E, 0x033E, 0x031C, 0x031C, 0x033E, 0x033E, 0x033E, 0x033E, 0x033E, 0x033E, 0x033E, 0x033E, 0x033E, 0x0214, 0x014C, 0x014C,
 0x014C, 0x014C, 0x01F2, 0x0277, 0x0277, 0x0214, 0x033E, 0x033E, 0x02B9, 0x02B9, 0x01F2, 0x014C, 0x014C, 0x014C, 0x0277, 0x0277,
 0x033E, 0x0214, 0x031C, 0x033E, 0x033E, 0x031C, 0x014C, 0x014C, 0x0277, 0x0277, 0x0277, 0x0277, 0x0277, 0x0277, 0x0277, 0x0277,
 0x0277, 0x0277, 0x0277, 0x0277, 0x0277, 0x0277, 0x0277, 0x0214, 0x014C, 0x014C, 0x0214, 0x0214, 0x033E, 0x033E, 0x031C, 0x031C,
 0x033E, 0x033E, 0x033E, 0x018E, 0x018E, 0x033E, 0x033E, 0x033E, 0x0214, 0x014C, 0x014C, 0x014C, 0x0277, 0x014C, 0x01F2, 0x0277,
 0x0277, 0x0214, 0x033E, 0x018E, 0x01F2, 0x02B9, 0x01F2, 0x014C, 0x014C, 0x014C, 0x0277, 0x0277, 0x033E, 0x0214, 0x031C, 0x033E,
 0x033E, 0x031C, 0x014C, 0x014C, 0x0277, 0x02B9, 0x02B9, 0x02B9, 0x02B9, 0x02B9, 0x02B9, 0x02B9, 0x02B9, 0x02B9, 0x02B9, 0x02B9,
 0x02B9, 0x0277, 0x0214, 0x014C, 0x014C, 0x0214, 0x0214, 0x033E, 0x033E, 0x031C, 0x031C, 0x033E, 0x033E, 0x033E, 0x033E, 0x018E,
 0x018E, 0x031C, 0x033E, 0x0214, 0x014C, 0x014C, 0x014C, 0x0277, 0x0277, 0x014C, 0x01F2, 0x0277, 0x0277, 0x0214, 0x033E, 0x018E,
 0x01F2, 0x02B9, 0x01F2, 0x014C, 0x014C, 0x014C, 0x0277, 0x0277, 0x033E, 0x0214, 0x033E, 0x033E, 0x033E, 0x031C, 0x014C, 0x014C,
 0x0277, 0x02B9, 0x02B9, 0x02B9, 0x02B9, 0x02B9, 0x02B9, 0x02B9, 0x02B9, 0x02B9, 0x02B9, 0x02B9, 0x0277, 0x0214, 0x014C, 0x014C,
 0x0214, 0x0214, 0x033E, 0x033E, 0x031C, 0x031C, 0x033E, 0x033E, 0x033E, 0x033E, 0x033E, 0x031C, 0x031C, 0x031C, 0x031C, 0x014C,
 0x014C, 0x014C, 0x0277, 0x0277, 0x0277, 0x014C, 0x01F2, 0x0277, 0x0277, 0x0214, 0x033E, 0x033E, 0x033E, 0x02B9, 0x01F2, 0x014C,
 0x014C, 0x014C, 0x0277, 0x0277, 0x033E, 0x02B9, 0x033E, 0x033E, 0x033E, 0x031C, 0x014C, 0x014C, 0x0277, 0x02B9, 0x02B9, 0x02B9,
 0x02B9, 0x02B9, 0x02B9, 0x02B9, 0x02B9, 0x02B9, 0x02B9, 0x0277, 0x0214, 0x014C, 0x014C, 0x0214, 0x0214, 0x033E, 0x033E, 0x033E,
 0x033E, 0x033E, 0x033E, 0x033E, 0x033E, 0x033E, 0x033E, 0x033E, 0x02B9, 0x031C, 0x014C, 0x014C, 0x014C, 0x0277, 0x0277, 0x02B9,
 0x0277, 0x014C, 0x01F2, 0x0277, 0x0277, 0x0214, 0x033E, 0x033E, 0x033E, 0x02B9, 0x01F2, 0x014C, 0x014C, 0x014C, 0x0277, 0x0277,
 0x033E, 0x02B9, 0x033E, 0x033E, 0x033E, 0x031C, 0x014C, 0x014C, 0x0277, 0x02B9, 0x02B9, 0x02B9, 0x02B9, 0x02B9, 0x02B9, 0x02B9,
 0x02B9, 0x02B9, 0x0214, 0x0214, 0x014C, 0x014C, 0x0214, 0x0214, 0x033E, 0x033E, 0x033E, 0x033E, 0x033E, 0x033E, 0x033E, 0x033E,
 0x033E, 0x033E, 0x033E, 0x031C, 0x031C, 0x031C, 0x014C, 0x014C, 0x0277, 0x0277, 0x02B9, 0x02B9, 0x0277, 0x014C, 0x01F2, 0x0277,
 0x0277, 0x0214, 0x033E, 0x033E, 0x033E, 0x033E, 0x01F2, 0x014C, 0x014C, 0x014C, 0x0277, 0x0277, 0x033E, 0x033E, 0x033E, 0x033E,
 0x033E, 0x031C, 0x014C, 0x014C, 0x0277, 0x02B9, 0x02B9, 0x02B9, 0x02B9, 0x02B9, 0x02B9, 0x02B9, 0x02B9, 0x0277, 0x0214, 0x014C,
 0x014C, 0x0214, 0x0214, 0x033E, 0x031C, 0x033E, 0x033E, 0x033E, 0x033E, 0x033E, 0x033E, 0x033E, 0x033E, 0x033E, 0x031C, 0x031C,
 0x0214, 0x014C, 0x014C, 0x0277, 0x0277, 0x02B9, 0x02B9, 0x02B9, 0x0277, 0x014C, 0x01F2, 0x0277, 0x0277, 0x0214, 0x033E, 0x033E,
 0x033E, 0x02B9, 0x01F2, 0x014C, 0x014C, 0x014C, 0x0277, 0x02B9, 0x033E, 0x033E, 0x033E, 0x033E, 0x033E, 0x031C, 0x014C, 0x014C,
 0x0277, 0x02B9, 0x02B9, 0x02B9, 0x02B9, 0x02B9, 0x02B9, 0x02B9, 0x0277, 0x0277, 0x014C, 0x014C, 0x0214, 0x0214, 0x031C, 0x031C,
 0x031C, 0x033E, 0x033E, 0x033E, 0x033E, 0x033E, 0x033E, 0x033E, 0x033E, 0x033E, 0x014C, 0x0214, 0x014C, 0x014C, 0x0277, 0x0277,
 0x02B9, 0x02B9, 0x02B9, 0x02B9, 0x0277, 0x014C, 0x01F2, 0x0277, 0x0277, 0x0214, 0x033E, 0x033E, 0x02B9, 0x02B9, 0x01F2, 0x014C,
 0x014C, 0x014C, 0x02B9, 0x033E, 0x033E, 0x033E, 0x033E, 0x033E, 0x033E, 0x031C, 0x014C, 0x014C, 0x0277, 0x0277, 0x0277, 0x0277,
 0x0277, 0x0277, 0x0277, 0x0277, 0x0277, 0x014C, 0x014C, 0x0214, 0x0214, 0x033E, 0x031C, 0x031C, 0x033E, 0x033E, 0x033E, 0x031C,
 0x031C, 0x033E, 0x033E, 0x033E, 0x033E, 0x031C, 0x0214, 0x014C, 0x014C, 0x0277, 0x0277, 0x0277, 0x0277, 0x0277, 0x0277, 0x0277,
 0x0277, 0x014C, 0x01F2, 0x0277, 0x0277, 0x0214, 0x033E, 0x033E, 0x018E, 0x02B9, 0x01F2, 0x014C, 0x014C, 0x014C, 0x02B9, 0x033E,
 0x033E, 0x033E, 0x033E, 0x033E, 0x033E, 0x031C, 0x014C, 0x014C, 0x0214, 0x0214, 0x0214, 0x0214, 0x0214, 0x0214, 0x0214, 0x0214,
 0x014C, 0x014C, 0x014C, 0x0214, 0x033E, 0x033E, 0x031C, 0x033E, 0x033E, 0x033E, 0x031C, 0x01F2, 0x033E, 0x033E, 0x033E, 0x033E,
 0x031C, 0x0214, 0x014C, 0x014C, 0x0214, 0x0214, 0x0214, 0x0214, 0x0214, 0x0214, 0x0214, 0x0214, 0x0214, 0x014C, 0x01F2, 0x0277,
 0x0277, 0x0214, 0x033E, 0x033E, 0x018E, 0x02B9, 0x01F2, 0x014C, 0x014C, 0x014C, 0x01F2, 0x02B9, 0x033E, 0x033E, 0x033E, 0x033E,
 0x033E, 0x031C, 0x014C, 0x014C, 0x0214, 0x0214, 0x0214, 0x0214, 0x0214, 0x0214, 0x0214, 0x014C, 0x014C, 0x014C, 0x0214, 0x033E,
 0x033E, 0x0214, 0x033E, 0x033E, 0x033E, 0x01F2, 0x01F2, 0x01F2, 0x033E, 0x033E, 0x033E, 0x031C, 0x0214, 0x014C, 0x014C, 0x0214,
 0x0214, 0x0214, 0x0214, 0x0214, 0x0214, 0x0214, 0x0214, 0x0214, 0x0214, 0x014C, 0x01F2, 0x0277, 0x0277, 0x0214, 0x033E, 0x033E,
 0x018E, 0x02B9, 0x01F2, 0x014C, 0x014C, 0x014C, 0x01F2, 0x0277, 0x033E, 0x033E, 0x033E, 0x033E, 0x033E, 0x031C, 0x014C, 0x014C,
 0x0277, 0x0277, 0x0277, 0x0277, 0x0277, 0x0277, 0x0214, 0x014C, 0x014C, 0x0214, 0x033E, 0x033E, 0x033E, 0x033E, 0x033E, 0x033E,
 0x031C, 0x01F2, 0x01F2, 0x01F2, 0x033E, 0x033E, 0x031C, 0x0214, 0x014C, 0x014C, 0x014C, 0x0277, 0x0277, 0x0277, 0x0277, 0x0277,
 0x0277, 0x0277, 0x0277, 0x0277, 0x0277, 0x014C, 0x01F2, 0x0277, 0x0277, 0x0214, 0x033E, 0x033E, 0x018E, 0x02B9, 0x01F2, 0x014C,
 0x014C, 0x014C, 0x01F2, 0x0277, 0x033E, 0x033E, 0x02B9, 0x02B9, 0x033E, 0x031C, 0x014C, 0x014C, 0x0277, 0x02B9, 0x02B9, 0x02B9,
 0x0277, 0x0214, 0x014C, 0x014C, 0x0214, 0x033E, 0x033E, 0x02B9, 0x033E, 0x033E, 0x033E, 0x033E, 0x018E, 0x033E, 0x033E, 0x033E,
 0x033E, 0x033E, 0x0214, 0x014C, 0x014C, 0x014C, 0x0277, 0x02B9, 0x02B9, 0x02B9, 0x02B9, 0x02B9, 0x02B9, 0x02B9, 0x02B9, 0x02B9,
 0x0277, 0x014C, 0x01F2, 0x0277, 0x0277, 0x0277, 0x033E, 0x033E, 0x018E, 0x02B9, 0x01F2, 0x014C, 0x014C, 0x014C, 0x01F2, 0x0277,
 0x033E, 0x033E, 0x018E, 0x018E, 0x033E, 0x031C, 0x014C, 0x014C, 0x0277, 0x02B9, 0x02B9, 0x0277, 0x0214, 0x014C, 0x014C, 0x0214,
 0x033E, 0x033E, 0x0214, 0x02B9, 0x033E, 0x033E, 0x033E, 0x02B9, 0x033E, 0x033E, 0x033E, 0x033E, 0x033E, 0x0214, 0x014C, 0x014C,
 0x014C, 0x0277, 0x02B9, 0x02B9, 0x02B9, 0x02B9, 0x02B9, 0x02B9, 0x02B9, 0x02B9, 0x02B9, 0x02B9, 0x0277, 0x014C, 0x01F2, 0x0277,
 0x0277, 0x0277, 0x033E, 0x018E, 0x018E, 0x02B9, 0x01F2, 0x014C, 0x014C, 0x014C, 0x01F2, 0x0277, 0x033E, 0x033E, 0x018E, 0x018E,
 0x033E, 0x031C, 0x014C, 0x014C, 0x0277, 0x02B9, 0x0277, 0x0214, 0x014C, 0x014C, 0x02B9, 0x0214, 0x033E, 0x033E, 0x02B9, 0x033E,
 0x033E, 0x033E, 0x02B9, 0x02B9, 0x033E, 0x033E, 0x033E, 0x033E, 0x0214, 0x014C, 0x014C, 0x0214, 0x0277, 0x02B9, 0x02B9, 0x02B9,
 0x02B9, 0x02B9, 0x02B9, 0x02B9, 0x02B9, 0x02B9, 0x02B9, 0x02B9, 0x0277, 0x014C, 0x01F2, 0x0277, 0x0277, 0x0277, 0x018E, 0x018E,
 0x0214, 0x0214, 0x01F2, 0x014C, 0x014C, 0x014C, 0x01F2, 0x0277, 0x033E, 0x033E, 0x02B9, 0x02B9, 0x033E, 0x031C, 0x014C, 0x014C,
 0x0277, 0x0277, 0x0214, 0x014C, 0x014C, 0x02B9, 0x0214, 0x033E, 0x033E, 0x033E, 0x033E, 0x033E, 0x033E, 0x02B9, 0x02B9, 0x033E,
 0x033E, 0x033E, 0x033E, 0x0214, 0x014C, 0x014C, 0x0214, 0x0277, 0x0277, 0x02B9, 0x02B9, 0x02B9, 0x02B9, 0x02B9, 0x02B9, 0x02B9,
 0x02B9, 0x02B9, 0x02B9, 0x02B9, 0x0277, 0x014C, 0x01F2, 0x0277, 0x0277, 0x0214, 0x018E, 0x018E, 0x0214, 0x0214, 0x01F2, 0x014C,
 0x014C, 0x014C, 0x01F2, 0x0277, 0x033E, 0x033E, 0x033E, 0x033E, 0x033E, 0x031C, 0x014C, 0x014C, 0x0277, 0x0214, 0x014C, 0x014C,
 0x02B9, 0x0214, 0x033E, 0x033E, 0x033E, 0x033E, 0x033E, 0x033E, 0x018E, 0x02B9, 0x033E, 0x033E, 0x033E, 0x033E, 0x0214, 0x014C,
 0x014C, 0x0214, 0x0277, 0x0277, 0x02B9, 0x02B9, 0x02B9, 0x02B9, 0x02B9, 0x02B9, 0x02B9, 0x02B9, 0x02B9, 0x02B9, 0x02B9, 0x02B9,
 0x0277, 0x014C, 0x01F2, 0x0277, 0x0277, 0x0214, 0x018E, 0x018E, 0x0214, 0x0214, 0x01F2, 0x014C, 0x014C, 0x014C, 0x01F2, 0x0277,
 0x033E, 0x033E, 0x033E, 0x033E, 0x033E, 0x031C, 0x014C, 0x014C, 0x0214, 0x014C, 0x014C, 0x02B9, 0x02B9, 0x033E, 0x033E, 0x033E,
 0x033E, 0x0214, 0x033E, 0x018E, 0x018E, 0x033E, 0x033E, 0x033E, 0x033E, 0x0214, 0x014C, 0x014C, 0x0214, 0x0277, 0x0277, 0x02B9,
 0x02B9, 0x02B9, 0x02B9, 0x02B9, 0x02B9, 0x02B9, 0x02B9, 0x02B9, 0x02B9, 0x02B9, 0x02B9, 0x02B9, 0x0277, 0x014C, 0x01F2, 0x0277,
 0x0277, 0x0214, 0x0214, 0x0214, 0x0214, 0x0214, 0x01F2, 0x014C, 0x014C, 0x014C, 0x01F2, 0x0277, 0x033E, 0x033E, 0x033E, 0x033E,
 0x033E, 0x031C, 0x014C, 0x014C, 0x014C, 0x014C, 0x02B9, 0x02B9, 0x033E, 0x033E, 0x033E, 0x033E, 0x01F2, 0x01F2, 0x01F2, 0x01F2,
 0x031C, 0x033E, 0x033E, 0x033E, 0x0214, 0x014C, 0x014C, 0x0214, 0x0277, 0x0277, 0x0277, 0x0277, 0x0277, 0x0277, 0x0277, 0x0277,
 0x0277, 0x0277, 0x0277, 0x0277, 0x0277, 0x0277, 0x0277, 0x0277, 0x0277, 0x014C, 0x01F2, 0x0277, 0x0277, 0x0214, 0x0214, 0x0214,
 0x0214, 0x0214, 0x01F2, 0x014C, 0x014C, 0x014C, 0x01F2, 0x0277, 0x033E, 0x033E, 0x033E, 0x033E, 0x033E, 0x031C, 0x014C, 0x014C,
 0x014C, 0x02B9, 0x02B9, 0x033E, 0x033E, 0x033E, 0x033E, 0x033E, 0x033E, 0x01F2, 0x01F2, 0x01F2, 0x033E, 0x033E, 0x033E, 0x031C,
 0x0214, 0x014C, 0x014C, 0x0214, 0x0214, 0x0214, 0x0214, 0x0214, 0x0214, 0x0214, 0x0214, 0x0214, 0x0214, 0x0214, 0x0214, 0x0214,
 0x0214, 0x0214, 0x0214, 0x0214, 0x0214, 0x014C, 0x01F2, 0x0277, 0x0277, 0x0214, 0x0214, 0x0214, 0x0214, 0x0214, 0x01F2, 0x014C,
 0x014C, 0x014C, 0x01F2, 0x0277, 0x033E, 0x033E, 0x0214, 0x033E, 0x033E, 0x031C, 0x014C, 0x014C, 0x02B9, 0x02B9, 0x033E, 0x033E,
 0x033E, 0x033E, 0x033E, 0x033E, 0x031C, 0x014C, 0x014C, 0x033E, 0x033E, 0x033E, 0x031C, 0x0214, 0x014C, 0x014C, 0x0214, 0x0214,
 0x0214, 0x0214, 0x0214, 0x0214, 0x0214, 0x0214, 0x0214, 0x0214, 0x0214, 0x0214, 0x0214, 0x0214, 0x0214, 0x0214, 0x0214, 0x0214,
 0x0214, 0x014C, 0x01F2, 0x0277, 0x0277, 0x0214, 0x0214, 0x0214, 0x0214, 0x0214, 0x01F2, 0x014C, 0x014C, 0x014C, 0x01F2, 0x0277,
 0x033E, 0x033E, 0x0214, 0x033E, 0x033E, 0x031C, 0x014C, 0x014C, 0x02B9, 0x033E, 0x033E, 0x033E, 0x033E, 0x02B9, 0x033E, 0x014C,
 0x014C, 0x014C, 0x033E, 0x033E, 0x033E, 0x033E, 0x0214, 0x014C, 0x014C, 0x0277, 0x0277, 0x0277, 0x0277, 0x0277, 0x0277, 0x0277,
 0x0277, 0x0277, 0x0277, 0x0277, 0x0277, 0x0277, 0x0277, 0x0277, 0x0277, 0x0277, 0x0277, 0x0277, 0x0214, 0x014C, 0x01F2, 0x0277,
 0x0277, 0x0214, 0x0214, 0x0214, 0x0214, 0x0214, 0x01F2, 0x014C, 0x014C, 0x014C, 0x01F2, 0x0277, 0x033E, 0x033E, 0x0214, 0x033E,
 0x033E, 0x031C, 0x014C, 0x014C, 0x02B9, 0x033E, 0x033E, 0x033E, 0x02B9, 0x02B9, 0x02B9, 0x014C, 0x014C, 0x031C, 0x033E, 0x033E,
 0x033E, 0x0214, 0x014C, 0x014C, 0x0277, 0x0277, 0x02B9, 0x02B9, 0x02B9, 0x02B9, 0x02B9, 0x02B9, 0x02B9, 0x02B9, 0x02B9, 0x02B9,
 0x02B9, 0x02B9, 0x02B9, 0x02B9, 0x02B9, 0x02B9, 0x02B9, 0x02B9, 0x0214, 0x014C, 0x01F2, 0x0277, 0x0277, 0x0214, 0x0214, 0x0214,
 0x0214, 0x0214, 0x01F2, 0x014C, 0x014C, 0x014C, 0x01F2, 0x0277, 0x033E, 0x033E, 0x0214, 0x033E, 0x033E, 0x031C, 0x014C, 0x014C,
 0x02B9, 0x033E, 0x02B9, 0x02B9, 0x02B9, 0x02B9, 0x014C, 0x014C, 0x014C, 0x033E, 0x033E, 0x031C, 0x0214, 0x014C, 0x014C, 0x0277,
 0x0277, 0x02B9, 0x02B9, 0x02B9, 0x02B9, 0x02B9, 0x02B9, 0x02B9, 0x02B9, 0x02B9, 0x02B9, 0x02B9, 0x02B9, 0x02B9, 0x02B9, 0x02B9,
 0x02B9, 0x02B9, 0x02B9, 0x02B9, 0x0214, 0x014C, 0x01F2, 0x0277, 0x0277, 0x0214, 0x0214, 0x0214, 0x0214, 0x0214, 0x01F2, 0x014C,
 0x014C, 0x014C, 0x01F2, 0x0277, 0x033E, 0x033E, 0x0214, 0x033E, 0x031C, 0x031C, 0x014C, 0x014C, 0x02B9, 0x02B9, 0x02B9, 0x02B9,
 0x02B9, 0x014C, 0x014C, 0x02B9, 0x033E, 0x033E, 0x033E, 0x0214, 0x014C, 0x014C, 0x0277, 0x0277, 0x02B9, 0x02B9, 0x02B9, 0x02B9,
 0x02B9, 0x02B9, 0x02B9, 0x02B9, 0x02B9, 0x02B9, 0x02B9, 0x02B9, 0x02B9, 0x02B9, 0x02B9, 0x02B9, 0x02B9, 0x02B9, 0x02B9, 0x02B9,
 0x0214, 0x014C, 0x01F2, 0x0277, 0x0277, 0x0214, 0x02B9, 0x0214, 0x0214, 0x02B9, 0x01F2, 0x014C, 0x014C, 0x014C, 0x02B9, 0x02B9,
 0x02B9, 0x02B9, 0x02B9, 0x02B9, 0x02B9, 0x02B9, 0x014C, 0x014C, 0x02B9, 0x02B9, 0x02B9, 0x02B9, 0x02B9, 0x014C, 0x014C, 0x02B9,
 0x02B9, 0x031C, 0x0214, 0x014C, 0x014C, 0x014C, 0x0277, 0x0277, 0x0277, 0x0277, 0x0277, 0x0277, 0x0277, 0x0277, 0x0277, 0x0277,
 0x0277, 0x0277, 0x0277, 0x0277, 0x0277, 0x0277, 0x0277, 0x0277, 0x0277, 0x0277, 0x0277, 0x0277, 0x014C, 0x014C, 0x01F2, 0x0214,
 0x0214, 0x0214, 0x0214, 0x0214, 0x02B9, 0x02B9, 0x02B9, 0x014C, 0x014C, 0x014C, 0x014C, 0x014C, 0x014C, 0x014C, 0x014C, 0x014C,
 0x014C, 0x014C, 0x014C, 0x014C, 0x014C, 0x014C, 0x014C, 0x014C, 0x014C, 0x014C, 0x014C, 0x014C, 0x014C, 0x014C, 0x014C, 0x014C,
 0x014C, 0x014C, 0x014C, 0x014C, 0x014C, 0x014C, 0x014C, 0x014C, 0x014C, 0x014C, 0x014C, 0x014C, 0x014C, 0x014C, 0x014C, 0x014C,
 0x014C, 0x014C, 0x014C, 0x014C, 0x014C, 0x014C, 0x014C, 0x014C, 0x014C, 0x014C, 0x014C, 0x014C, 0x014C, 0x014C, 0x014C, 0x014C,
 0x014C, 0x014C, 0x014C, 0x014C, 0x014C, 0x014C, 0x014C, 0x014C, 0x014C, 0x014C, 0x014C, 0x014C, 0x014C, 0x014C, 0x014C, 0x014C,
 0x014C, 0x014C, 0x014C, 0x014C, 0x014C, 0x014C, 0x014C, 0x014C, 0x014C, 0x014C, 0x014C, 0x014C, 0x014C, 0x014C, 0x014C, 0x014C,
 0x014C, 0x014C, 0x014C, 0x014C, 0x014C, 0x014C, 0x014C, 0x014C, 0x014C, 0x014C, 0x014C, 0x014C, 0x014C, 0x014C, 0x014C, 0x014C,
 0x014C, 0x014C, 0x014C, 0x014C, 0x014C, 0x014C, 0x014C, 0x014C, 0x014C, 0x014C, 0x014C, 0x014C, 0x014C, 0x014C, 0x014C, 0x014C,
 0x014C, 0x014C, 0x0214, 0x0277, 0x0277, 0x0277, 0x0277, 0x0277, 0x0277, 0x0277, 0x0277, 0x0277, 0x0277, 0x0277, 0x0277, 0x0277,
 0x0277, 0x0277, 0x0277, 0x0277, 0x0277, 0x0277, 0x0277, 0x0277, 0x0277, 0x0277, 0x0277, 0x0277, 0x0277, 0x0277, 0x0277, 0x0277,
 0x0277, 0x0277, 0x0277, 0x0277, 0x0277, 0x0277, 0x0277, 0x0277, 0x0277, 0x0277, 0x0277, 0x0277, 0x0277, 0x0277, 0x0277, 0x0277,
 0x0277, 0x0277, 0x0277, 0x0277, 0x0277, 0x0277, 0x0277, 0x0277, 0x0277, 0x0277, 0x01F2, 0x014C, 0x014C, 0x014C, 0x0214, 0x0277,
 0x0277, 0x0277, 0x0277, 0x0277, 0x0277, 0x0277, 0x0277, 0x0277, 0x0277, 0x0277, 0x0277, 0x0277, 0x0277, 0x0277, 0x0277, 0x0277,
 0x0277, 0x0277, 0x0277, 0x0277, 0x0277, 0x0277, 0x0277, 0x0277, 0x0277, 0x0277, 0x0277, 0x0277, 0x0277, 0x0277, 0x0277, 0x0277,
 0x0277, 0x0277, 0x0277, 0x0277, 0x0277, 0x0277, 0x0277, 0x0277, 0x0277, 0x0277, 0x0277, 0x0277, 0x0277, 0x0277, 0x0277, 0x0277,
 0x0277, 0x0277, 0x0277, 0x0277, 0x0277, 0x0277, 0x01F2, 0x014C, 0x014C, 0x014C, 0x0214, 0x0277, 0x0277, 0x0277, 0x0277, 0x0277,
 0x0277, 0x0277, 0x0277, 0x0277, 0x0277, 0x0277, 0x0277, 0x0277, 0x0277, 0x0277, 0x0277, 0x0277, 0x0277, 0x0277, 0x0277, 0x0277,
 0x033E, 0x033E, 0x0277, 0x0277, 0x0277, 0x0277, 0x0277, 0x0277, 0x0277, 0x0277, 0x0277, 0x0277, 0x0277, 0x0277, 0x0277, 0x0277,
 0x0277, 0x0277, 0x0277, 0x0277, 0x0277, 0x0277, 0x0277, 0x0277, 0x0277, 0x0277, 0x0277, 0x0277, 0x0277, 0x0277, 0x0277, 0x0277,
 0x0277, 0x0277, 0x01F2, 0x014C, 0x014C, 0x014C, 0x0214, 0x0277, 0x0277, 0x0277, 0x0277, 0x0277, 0x0277, 0x0277, 0x0277, 0x0277,
 0x0277, 0x0277, 0x0277, 0x0277, 0x0277, 0x0277, 0x0277, 0x0277, 0x0277, 0x033E, 0x0277, 0x0277, 0x033E, 0x02B9, 0x0277, 0x0277,
 0x0277, 0x0277, 0x0277, 0x0277, 0x0277, 0x0277, 0x0277, 0x0277, 0x0277, 0x0277, 0x0277, 0x0277, 0x0277, 0x0277, 0x0277, 0x0277,
 0x0277, 0x0277, 0x0277, 0x0277, 0x0277, 0x0277, 0x0277, 0x0277, 0x0277, 0x0277, 0x0277, 0x0277, 0x0277, 0x0277, 0x01F2, 0x014C,
 0x014C, 0x014C, 0x0214, 0x0277, 0x0277, 0x0277, 0x0277, 0x0277, 0x0277, 0x0277, 0x0277, 0x0277, 0x0277, 0x0277, 0x0277, 0x0277,
 0x0277, 0x0277, 0x0277, 0x0277, 0x033E, 0x033E, 0x033E, 0x0277, 0x0277, 0x014C, 0x0277, 0x0277, 0x0277, 0x0277, 0x0277, 0x0277,
 0x0277, 0x0277, 0x0277, 0x0277, 0x0277, 0x0277, 0x0277, 0x0277, 0x0277, 0x0277, 0x0277, 0x0277, 0x0277, 0x0277, 0x0277, 0x0277,
 0x0277, 0x0277, 0x0277, 0x0277, 0x0277, 0x0277, 0x0277, 0x0277, 0x0277, 0x0277, 0x01F2, 0x014C, 0x014C, 0x014C, 0x0214, 0x0277,
 0x031C, 0x031C, 0x031C, 0x031C, 0x031C, 0x031C, 0x031C, 0x031C, 0x031C, 0x031C, 0x031C, 0x031C, 0x031C, 0x031C, 0x031C, 0x031C,
 0x033E, 0x033E, 0x033E, 0x031C, 0x031C, 0x031C, 0x031C, 0x031C, 0x031C, 0x031C, 0x031C, 0x031C, 0x031C, 0x031C, 0x031C, 0x031C,
 0x031C, 0x031C, 0x031C, 0x031C, 0x031C, 0x031C, 0x031C, 0x031C, 0x031C, 0x031C, 0x031C, 0x031C, 0x031C, 0x031C, 0x031C, 0x031C,
 0x031C, 0x031C, 0x031C, 0x031C, 0x031C, 0x031C, 0x01F2, 0x014C, 0x014C, 0x014C, 0x0214, 0x02B9, 0x031C, 0x031C, 0x031C, 0x031C,
 0x031C, 0x031C, 0x031C, 0x031C, 0x033E, 0x033E, 0x033E, 0x033E, 0x033E, 0x033E, 0x033E, 0x033E, 0x033E, 0x033E, 0x033E, 0x033E,
 0x033E, 0x033E, 0x033E, 0x033E, 0x033E, 0x033E, 0x033E, 0x033E, 0x033E, 0x033E, 0x033E, 0x033E, 0x033E, 0x033E, 0x033E, 0x033E,
 0x033E, 0x033E, 0x033E, 0x033E, 0x033E, 0x033E, 0x033E, 0x033E, 0x033E, 0x033E, 0x033E, 0x033E, 0x033E, 0x033E, 0x033E, 0x033E,
 0x033E, 0x033E, 0x01F2, 0x014C, 0x014C, 0x014C, 0x02B9, 0x031C, 0x031C, 0x031C, 0x031C, 0x0214, 0x0214, 0x0214, 0x031C, 0x031C,
 0x031C, 0x033E, 0x033E, 0x033E, 0x033E, 0x033E, 0x033E, 0x033E, 0x033E, 0x033E, 0x033E, 0x033E, 0x033E, 0x033E, 0x033E, 0x033E,
 0x033E, 0x033E, 0x02B9, 0x02B9, 0x02B9, 0x02B9, 0x02B9, 0x033E, 0x033E, 0x033E, 0x033E, 0x033E, 0x033E, 0x033E, 0x033E, 0x033E,
 0x033E, 0x033E, 0x033E, 0x033E, 0x033E, 0x033E, 0x033E, 0x033E, 0x0214, 0x0214, 0x0214, 0x0214, 0x033E, 0x033E, 0x01F2, 0x014C,
 0x014C, 0x014C, 0x031C, 0x033E, 0x033E, 0x033E, 0x033E, 0x0214, 0x0214, 0x0214, 0x031C, 0x033E, 0x033E, 0x033E, 0x033E, 0x033E,
 0x033E, 0x033E, 0x033E, 0x033E, 0x033E, 0x033E, 0x033E, 0x033E, 0x033E, 0x02B9, 0x02B9, 0x02B9, 0x02B9, 0x02B9, 0x02B9, 0x02B9,
 0x02B9, 0x033E, 0x033E, 0x033E, 0x033E, 0x033E, 0x033E, 0x033E, 0x033E, 0x033E, 0x033E, 0x033E, 0x01F2, 0x02B9, 0x033E, 0x033E,
 0x033E, 0x033E, 0x033E, 0x033E, 0x033E, 0x033E, 0x033E, 0x033E, 0x033E, 0x033E, 0x01F2, 0x014C, 0x014C, 0x014C, 0x031C, 0x033E,
 0x033E, 0x033E, 0x033E, 0x0214, 0x02B9, 0x0214, 0x031C, 0x033E, 0x033E, 0x033E, 0x033E, 0x033E, 0x033E, 0x033E, 0x033E, 0x033E,
 0x033E, 0x033E, 0x033E, 0x033E, 0x033E, 0x033E, 0x02B9, 0x02B9, 0x02B9, 0x02B9, 0x02B9, 0x02B9, 0x02B9, 0x033E, 0x033E, 0x033E,
 0x033E, 0x033E, 0x033E, 0x033E, 0x033E, 0x033E, 0x033E, 0x033E, 0x01F2, 0x02B9, 0x033E, 0x033E, 0x033E, 0x033E, 0x033E, 0x033E,
 0x033E, 0x033E, 0x033E, 0x033E, 0x033E, 0x033E, 0x01F2, 0x014C, 0x014C, 0x014C, 0x02B9, 0x031C, 0x031C, 0x031C, 0x031C, 0x02B9,
 0x02B9, 0x02B9, 0x031C, 0x031C, 0x031C, 0x031C, 0x031C, 0x031C, 0x031C, 0x031C, 0x031C, 0x031C, 0x031C, 0x031C, 0x031C, 0x031C,
 0x031C, 0x031C, 0x031C, 0x02B9, 0x02B9, 0x02B9, 0x02B9, 0x02B9, 0x02B9, 0x02B9, 0x031C, 0x031C, 0x031C, 0x031C, 0x031C, 0x031C,
 0x031C, 0x031C, 0x031C, 0x031C, 0x031C, 0x031C, 0x031C, 0x031C, 0x031C, 0x031C, 0x031C, 0x031C, 0x031C, 0x031C, 0x031C, 0x031C,
 0x031C, 0x031C, 0x01F2, 0x014C, 0x014C, 0x014C, 0x014C, 0x014C, 0x014C, 0x014C, 0x014C, 0x014C, 0x014C, 0x014C, 0x014C, 0x014C,
 0x014C, 0x014C, 0x014C, 0x014C, 0x014C, 0x014C, 0x014C, 0x014C, 0x014C, 0x014C, 0x014C, 0x014C, 0x014C, 0x014C, 0x014C, 0x014C,
 0x014C, 0x014C, 0x014C, 0x014C, 0x014C, 0x014C, 0x014C, 0x014C, 0x014C, 0x014C, 0x014C, 0x014C, 0x014C, 0x014C, 0x014C, 0x014C,
 0x014C, 0x014C, 0x014C, 0x014C, 0x014C, 0x014C, 0x014C, 0x014C, 0x014C, 0x014C, 0x014C, 0x014C, 0x014C, 0x014C, 0x014C, 0x014C,

};



#endif /* __images_h */
